movieId,tagId,relevance
1,1,0.028749999999999998
1,2,0.023749999999999993
1,3,0.0625
1,4,0.07574999999999998
1,5,0.14075
1,6,0.14675
1,7,0.0635
1,8,0.20375
1,9,0.202
1,10,0.03075
1,11,0.58025
1,12,0.10249999999999998
1,13,0.20174999999999998
1,14,0.007000000000000006
1,15,0.024500000000000022
1,16,0.17275000000000001
1,17,0.016500000000000015
1,18,0.10399999999999998
1,19,0.6625
1,20,0.30074999999999996
1,21,0.31675
1,22,0.28600000000000003
1,23,0.06274999999999997
1,24,0.01924999999999999
1,25,0.058750000000000024
1,26,0.07924999999999999
1,27,0.1965
1,28,0.09325
1,29,0.89375
1,30,0.67625
1,31,0.035750000000000004
1,32,0.23325
1,33,0.3075
1,34,0.05449999999999999
1,35,0.03799999999999998
1,36,0.21200000000000002
1,37,0.08000000000000002
1,38,0.015500000000000014
1,39,0.019500000000000017
1,40,0.01924999999999999
1,41,0.015000000000000013
1,42,0.030000000000000027
1,43,0.09075
1,44,0.02250000000000002
1,45,0.246
1,46,0.246
1,47,0.01050000000000001
1,48,0.16675
1,49,0.2935
1,50,0.15000000000000002
1,51,0.26775000000000004
1,52,0.186
1,53,0.25725
1,54,0.15000000000000002
1,55,0.22049999999999997
1,56,0.014249999999999985
1,57,0.024249999999999994
1,58,0.029249999999999998
1,59,0.08424999999999999
1,60,0.03375
1,61,0.6175
1,62,0.63
1,63,0.9472499999999999
1,64,0.9842500000000001
1,65,0.09975
1,66,0.04149999999999998
1,67,0.135
1,68,0.033999999999999975
1,69,0.01824999999999999
1,70,0.14525
1,71,0.016749999999999987
1,72,0.018000000000000016
1,73,0.0595
1,74,0.009749999999999981
1,75,0.20124999999999998
1,76,0.016749999999999987
1,77,0.059250000000000025
1,78,0.03799999999999998
1,79,0.32925000000000004
1,80,0.028749999999999998
1,81,0.062
1,82,0.08700000000000002
1,83,0.035999999999999976
1,84,0.30474999999999997
1,85,0.068
1,86,0.33625000000000005
1,87,0.03649999999999998
1,88,0.005749999999999977
1,89,0.006749999999999978
1,90,0.05275000000000002
1,91,0.03325
1,92,0.02074999999999999
1,93,0.3435
1,94,0.36224999999999996
1,95,0.07400000000000001
1,96,0.06624999999999998
1,97,0.08174999999999999
1,98,0.064
1,99,0.12524999999999997
1,100,0.10549999999999998
1,101,0.05099999999999999
1,102,0.012249999999999983
1,103,0.007249999999999979
1,104,0.0040000000000000036
1,105,0.02350000000000002
1,106,0.005249999999999977
1,107,0.16349999999999998
1,108,0.038250000000000006
1,109,0.19524999999999998
1,110,0.07950000000000002
1,111,0.036250000000000004
1,112,0.019000000000000017
1,113,0.501
1,114,0.02174999999999999
1,115,0.1745
1,116,0.015749999999999986
1,117,0.005500000000000005
1,118,0.027000000000000024
1,119,0.0037499999999999756
1,120,0.1235
1,121,0.31225
1,122,0.23125
1,123,0.010000000000000009
1,124,0.046999999999999986
1,125,0.04275000000000001
1,126,0.08224999999999999
1,127,0.046999999999999986
1,128,0.368
1,129,0.23149999999999998
1,130,0.019000000000000017
1,131,0.016749999999999987
1,132,0.29325
1,133,0.08975
1,134,0.04475000000000001
1,135,0.05425000000000002
1,136,0.09475
1,137,0.06574999999999998
1,138,0.3295
1,139,0.028000000000000025
1,140,0.11525000000000002
1,141,0.11225000000000002
1,142,0.012249999999999983
1,143,0.16625
1,144,0.08574999999999999
1,145,0.07900000000000001
1,146,0.07324999999999998
1,147,0.02024999999999999
1,148,0.03175
1,149,0.08000000000000002
1,150,0.025500000000000023
1,151,0.04999999999999999
1,152,0.08074999999999999
1,153,0.046750000000000014
1,154,0.22925
1,155,0.05275000000000002
1,156,0.05375000000000002
1,157,0.03199999999999997
1,158,0.036250000000000004
1,159,0.02100000000000002
1,160,0.18525000000000003
1,161,0.018500000000000016
1,162,0.1835
1,163,0.08274999999999999
1,164,0.22099999999999997
1,165,0.057999999999999996
1,166,0.013249999999999984
1,167,0.1405
1,168,0.04199999999999998
1,169,0.22699999999999998
1,170,0.55075
1,171,0.11349999999999999
1,172,0.533
1,173,0.063
1,174,0.015749999999999986
1,175,0.1935
1,176,0.1395
1,177,0.04149999999999998
1,178,0.028749999999999998
1,179,0.060750000000000026
1,180,0.026500000000000024
1,181,0.04949999999999999
1,182,0.03475
1,183,0.048750000000000016
1,184,0.03475
1,185,0.14575
1,186,0.95475
1,187,0.009000000000000008
1,188,0.53625
1,189,0.0625
1,190,0.024749999999999994
1,191,0.11399999999999999
1,192,0.31225
1,193,0.8145
1,194,0.1325
1,195,0.5075
1,196,0.10875000000000001
1,197,0.026000000000000023
1,198,0.07400000000000001
1,199,0.13674999999999998
1,200,0.015749999999999986
1,201,0.045499999999999985
1,202,0.01200000000000001
1,203,0.90375
1,204,0.9597500000000001
1,205,0.02150000000000002
1,206,0.09725
1,207,0.017249999999999988
1,208,0.017000000000000015
1,209,0.00824999999999998
1,210,0.012500000000000011
1,211,0.020500000000000018
1,212,0.18625000000000003
1,213,0.05025000000000002
1,214,0.023249999999999993
1,215,0.815
1,216,0.254
1,217,0.013749999999999984
1,218,0.1985
1,219,0.01150000000000001
1,220,0.7445
1,221,0.05325000000000002
1,222,0.10125
1,223,0.056999999999999995
1,224,0.03275
1,225,0.006749999999999978
1,226,0.08374999999999999
1,227,0.066
1,228,0.04899999999999999
1,229,0.6525
1,230,0.61675
1,231,0.12175000000000002
1,232,0.04999999999999999
1,233,0.08374999999999999
1,234,0.07174999999999998
1,235,0.26925
1,236,0.17025
1,237,0.019500000000000017
1,238,0.26625
1,239,0.119
1,240,0.31200000000000006
1,241,0.057750000000000024
1,242,0.1375
1,243,0.14225
1,244,0.99875
1,245,0.05399999999999999
1,246,0.34875
1,247,0.025749999999999995
1,248,0.047750000000000015
1,249,0.03175
1,250,0.027500000000000024
1,251,0.16225
1,252,0.07150000000000001
1,253,0.027000000000000024
1,254,0.018000000000000016
1,255,0.53475
1,256,0.08574999999999999
1,257,0.027000000000000024
1,258,0.266
1,259,0.07100000000000001
1,260,0.45099999999999996
1,261,0.018000000000000016
1,262,0.027500000000000024
1,263,0.01824999999999999
1,264,0.05449999999999999
1,265,0.09075
1,266,0.68475
1,267,0.11149999999999999
1,268,0.08474999999999999
1,269,0.244
1,270,0.363
1,271,0.034999999999999976
1,272,0.35550000000000004
1,273,0.03899999999999998
1,274,0.20850000000000002
1,275,0.32775
1,276,0.23299999999999998
1,277,0.44299999999999995
1,278,0.8420000000000001
1,279,0.68625
1,280,0.017500000000000016
1,281,0.017749999999999988
1,282,0.21375
1,283,0.017000000000000015
1,284,0.01100000000000001
1,285,0.10675000000000001
1,286,0.08300000000000002
1,287,0.04349999999999998
1,288,0.13674999999999998
1,289,0.07924999999999999
1,290,0.013000000000000012
1,291,0.01874999999999999
1,292,0.16949999999999998
1,293,0.04625000000000001
1,294,0.047750000000000015
1,295,0.007500000000000007
1,296,0.06674999999999998
1,297,0.17775000000000002
1,298,0.09250000000000003
1,299,0.5515
1,300,0.035250000000000004
1,301,0.011249999999999982
1,302,0.63875
1,303,0.10325000000000001
1,304,0.5605
1,305,0.16299999999999998
1,306,0.06474999999999997
1,307,0.012249999999999983
1,308,0.05149999999999999
1,309,0.83925
1,310,0.893
1,311,0.20400000000000001
1,312,0.10249999999999998
1,313,0.14825
1,314,0.1735
1,315,0.03925000000000001
1,316,0.186
1,317,0.09125
1,318,0.03899999999999998
1,319,0.20375
1,320,0.04525000000000001
1,321,0.028500000000000025
1,322,0.11649999999999999
1,323,0.34075
1,324,0.21050000000000002
1,325,0.11175000000000002
1,326,0.24075000000000002
1,327,0.1955
1,328,0.2415
1,329,0.059250000000000025
1,330,0.03249999999999997
1,331,0.03199999999999997
1,332,0.04125000000000001
1,333,0.063
1,334,0.46575
1,335,0.1345
1,336,0.060250000000000026
1,337,0.07500000000000001
1,338,0.48224999999999996
1,339,0.06474999999999997
1,340,0.010249999999999981
1,341,0.132
1,342,0.045999999999999985
1,343,0.14175
1,344,0.10549999999999998
1,345,0.30825
1,346,0.034499999999999975
1,347,0.008000000000000007
1,348,0.3345
1,349,0.11449999999999999
1,350,0.119
1,351,0.2405
1,352,0.02400000000000002
1,353,0.34450000000000003
1,354,0.1195
1,355,0.66625
1,356,0.35324999999999995
1,357,0.07974999999999999
1,358,0.11349999999999999
1,359,0.11625000000000002
1,360,0.055999999999999994
1,361,0.09275
1,362,0.18125000000000002
1,363,0.036250000000000004
1,364,0.5465
1,365,0.52825
1,366,0.20950000000000002
1,367,0.52825
1,368,0.34275
1,369,0.05149999999999999
1,370,0.057999999999999996
1,371,0.43574999999999997
1,372,0.23775000000000002
1,373,0.018500000000000016
1,374,0.8314999999999999
1,375,0.27775000000000005
1,376,0.21100000000000002
1,377,0.59525
1,378,0.42625
1,379,0.09125
1,380,0.07224999999999998
1,381,0.09275
1,382,0.50075
1,383,0.046999999999999986
1,384,0.04525000000000001
1,385,0.19274999999999998
1,386,0.05099999999999999
1,387,0.62325
1,388,0.7095
1,389,0.30474999999999997
1,390,0.2025
1,391,0.39025
1,392,0.006000000000000005
1,393,0.134
1,394,0.01924999999999999
1,395,0.15799999999999997
1,396,0.21899999999999997
1,397,0.18075000000000002
1,398,0.03475
1,399,0.05299999999999999
1,400,0.010000000000000009
1,401,0.26649999999999996
1,402,0.10199999999999998
1,403,0.125
1,404,0.03025
1,405,0.05325000000000002
1,406,0.35050000000000003
1,407,0.03649999999999998
1,408,0.04299999999999998
1,409,0.04225000000000001
1,410,0.127
1,411,0.04575000000000001
1,412,0.92875
1,413,0.08074999999999999
1,414,0.87625
1,415,0.7989999999999999
1,416,0.03799999999999998
1,417,0.62925
1,418,0.14350000000000002
1,419,0.1275
1,420,0.38249999999999995
1,421,0.024500000000000022
1,422,0.12275000000000003
1,423,0.08250000000000002
1,424,0.1845
1,425,0.04349999999999998
1,426,0.13324999999999998
1,427,0.15675
1,428,0.059
1,429,0.04375000000000001
1,430,0.129
1,431,0.03225
1,432,0.03225
1,433,0.061
1,434,0.03699999999999998
1,435,0.03249999999999997
1,436,0.11525000000000002
1,437,0.10699999999999998
1,438,0.02350000000000002
1,439,0.21899999999999997
1,440,0.026249999999999996
1,441,0.038250000000000006
1,442,0.028500000000000025
1,443,0.17675000000000002
1,444,0.03475
1,445,0.86825
1,446,0.473
1,447,0.54475
1,448,0.21999999999999997
1,449,0.34624999999999995
1,450,0.05399999999999999
1,451,0.42074999999999996
1,452,0.58625
1,453,0.43274999999999997
1,454,0.50275
1,455,0.19624999999999998
1,456,0.016500000000000015
1,457,0.027249999999999996
1,458,0.15625
1,459,0.025749999999999995
1,460,0.036250000000000004
1,461,0.12325000000000003
1,462,0.07924999999999999
1,463,0.04025000000000001
1,464,0.8095000000000001
1,465,0.34924999999999995
1,466,0.07400000000000001
1,467,0.181
1,468,0.69625
1,469,0.9072499999999999
1,470,0.11525000000000002
1,471,0.32299999999999995
1,472,0.503
1,473,0.11875000000000002
1,474,0.20775
1,475,0.14800000000000002
1,476,0.009749999999999981
1,477,0.03999999999999998
1,478,0.09775
1,479,0.025749999999999995
1,480,0.009749999999999981
1,481,0.3075
1,482,0.03475
1,483,0.036750000000000005
1,484,0.029500000000000026
1,485,0.02024999999999999
1,486,0.034499999999999975
1,487,0.011249999999999982
1,488,0.007749999999999979
1,489,0.0027499999999999747
1,490,0.523
1,491,0.025249999999999995
1,492,0.014749999999999985
1,493,0.22849999999999998
1,494,0.02024999999999999
1,495,0.07274999999999998
1,496,0.32275
1,497,0.8122499999999999
1,498,0.08124999999999999
1,499,0.015749999999999986
1,500,0.060250000000000026
1,501,0.018500000000000016
1,502,0.13274999999999998
1,503,0.06474999999999997
1,504,0.73475
1,505,0.33025000000000004
1,506,0.11125000000000002
1,507,0.037250000000000005
1,508,0.10925000000000001
1,509,0.10449999999999998
1,510,0.057499999999999996
1,511,0.028500000000000025
1,512,0.07300000000000001
1,513,0.031000000000000028
1,514,0.016000000000000014
1,515,0.011749999999999983
1,516,0.0605
1,517,0.03125
1,518,0.026500000000000024
1,519,0.44699999999999995
1,520,0.025000000000000022
1,521,0.01924999999999999
1,522,0.05249999999999999
1,523,0.046499999999999986
1,524,0.10049999999999998
1,525,0.03749999999999998
1,526,0.15100000000000002
1,527,0.26049999999999995
1,528,0.48824999999999996
1,529,0.58325
1,530,0.066
1,531,0.46575
1,532,0.28874999999999995
1,533,0.036250000000000004
1,534,0.049250000000000016
1,535,0.5715
1,536,0.93675
1,537,0.04249999999999998
1,538,0.027249999999999996
1,539,0.017500000000000016
1,540,0.11875000000000002
1,541,0.008500000000000008
1,542,0.02174999999999999
1,543,0.15125
1,544,0.10325000000000001
1,545,0.057499999999999996
1,546,0.06724999999999998
1,547,0.131
1,548,0.34850000000000003
1,549,0.269
1,550,0.19074999999999998
1,551,0.20475
1,552,0.05675000000000002
1,553,0.44475
1,554,0.687
1,555,0.13124999999999998
1,556,0.08725
1,557,0.14150000000000001
1,558,0.1405
1,559,0.007749999999999979
1,560,0.013500000000000012
1,561,0.004500000000000004
1,562,0.03899999999999998
1,563,0.016249999999999987
1,564,0.14100000000000001
1,565,0.19174999999999998
1,566,0.060250000000000026
1,567,0.07100000000000001
1,568,0.29325
1,569,0.05425000000000002
1,570,0.015749999999999986
1,571,0.017500000000000016
1,572,0.024500000000000022
1,573,0.005500000000000005
1,574,0.023249999999999993
1,575,0.014500000000000013
1,576,0.013000000000000012
1,577,0.006500000000000006
1,578,0.031000000000000028
1,579,0.035499999999999976
1,580,0.05325000000000002
1,581,0.08450000000000002
1,582,0.030500000000000027
1,583,0.0615
1,584,0.10825000000000001
1,585,0.28
1,586,0.057999999999999996
1,587,0.08074999999999999
1,588,0.98
1,589,0.9857499999999999
1,590,0.02024999999999999
1,591,0.012749999999999984
1,592,0.059750000000000025
1,593,0.0047499999999999765
1,594,0.04149999999999998
1,595,0.027749999999999997
1,596,0.04149999999999998
1,597,0.033999999999999975
1,598,0.030000000000000027
1,599,0.019000000000000017
1,600,0.29325
1,601,0.14625
1,602,0.46275
1,603,0.8747499999999999
1,604,0.137
1,605,0.044999999999999984
1,606,0.16525
1,607,0.044999999999999984
1,608,0.10825000000000001
1,609,0.21525
1,610,0.43074999999999997
1,611,0.07700000000000001
1,612,0.04099999999999998
1,613,0.35675
1,614,0.34675
1,615,0.09625
1,616,0.08150000000000002
1,617,0.011749999999999983
1,618,0.033999999999999975
1,619,0.1735
1,620,0.24925000000000003
1,621,0.05199999999999999
1,622,0.00824999999999998
1,623,0.26849999999999996
1,624,0.047750000000000015
1,625,0.10575000000000001
1,626,0.04749999999999999
1,627,0.14900000000000002
1,628,0.010749999999999982
1,629,0.10599999999999998
1,630,0.05349999999999999
1,631,0.1375
1,632,0.026500000000000024
1,633,0.006500000000000006
1,634,0.50575
1,635,0.026500000000000024
1,636,0.007000000000000006
1,637,0.05299999999999999
1,638,0.020500000000000018
1,639,0.05125000000000002
1,640,0.2435
1,641,0.274
1,642,0.1975
1,643,0.24125000000000002
1,644,0.02024999999999999
1,645,0.11275000000000002
1,646,0.7285
1,647,0.02975
1,648,0.03125
1,649,0.05275000000000002
1,650,0.048750000000000016
1,651,0.03849999999999998
1,652,0.028000000000000025
1,653,0.05499999999999999
1,654,0.027249999999999996
1,655,0.08200000000000002
1,656,0.028500000000000025
1,657,0.004249999999999976
1,658,0.05499999999999999
1,659,0.006749999999999978
1,660,0.25949999999999995
1,661,0.03025
1,662,0.07774999999999999
1,663,0.29225
1,664,0.5635
1,665,0.009000000000000008
1,666,0.11599999999999999
1,667,0.048250000000000015
1,668,0.361
1,669,0.30574999999999997
1,670,0.020500000000000018
1,671,0.07474999999999998
1,672,0.064
1,673,0.010000000000000009
1,674,0.03999999999999998
1,675,0.48675
1,676,0.20274999999999999
1,677,0.06374999999999997
1,678,0.006249999999999978
1,679,0.14625
1,680,0.015749999999999986
1,681,0.05075000000000002
1,682,0.15275
1,683,0.07850000000000001
1,684,0.05349999999999999
1,685,0.016500000000000015
1,686,0.0685
1,687,0.016749999999999987
1,688,0.17475000000000002
1,689,0.08000000000000002
1,690,0.22625
1,691,0.3165
1,692,0.044499999999999984
1,693,0.02124999999999999
1,694,0.17525000000000002
1,695,0.029249999999999998
1,696,0.05425000000000002
1,697,0.068
1,698,0.007500000000000007
1,699,0.013500000000000012
1,700,0.027000000000000024
1,701,0.1315
1,702,0.11125000000000002
1,703,0.04125000000000001
1,704,0.066
1,705,0.08124999999999999
1,706,0.018500000000000016
1,707,0.05399999999999999
1,708,0.014249999999999985
1,709,0.09599999999999997
1,710,0.1905
1,711,0.060250000000000026
1,712,0.048250000000000015
1,713,0.01100000000000001
1,714,0.03249999999999997
1,715,0.08900000000000002
1,716,0.26925
1,717,0.87225
1,718,0.044499999999999984
1,719,0.34275
1,720,0.03975000000000001
1,721,0.123
1,722,0.02350000000000002
1,723,0.014249999999999985
1,724,0.058750000000000024
1,725,0.04999999999999999
1,726,0.22325
1,727,0.10375000000000001
1,728,0.022249999999999992
1,729,0.03325
1,730,0.069
1,731,0.11149999999999999
1,732,0.025249999999999995
1,733,0.14750000000000002
1,734,0.07974999999999999
1,735,0.10125
1,736,0.013249999999999984
1,737,0.08224999999999999
1,738,0.01150000000000001
1,739,0.10925000000000001
1,740,0.011749999999999983
1,741,0.0605
1,742,0.88575
1,743,0.7655000000000001
1,744,0.04099999999999998
1,745,0.608
1,746,0.10925000000000001
1,747,0.32699999999999996
1,748,0.7795000000000001
1,749,0.16999999999999998
1,750,0.64325
1,751,0.21525
1,752,0.5505
1,753,0.1225
1,754,0.179
1,755,0.33899999999999997
1,756,0.49724999999999997
1,757,0.13624999999999998
1,758,0.275
1,759,0.2895
1,760,0.63725
1,761,0.7705
1,762,0.03699999999999998
1,763,0.15425
1,764,0.006749999999999978
1,765,0.13674999999999998
1,766,0.1345
1,767,0.264
1,768,0.22625
1,769,0.032999999999999974
1,770,0.03699999999999998
1,771,0.26349999999999996
1,772,0.08625
1,773,0.26925
1,774,0.1765
1,775,0.026500000000000024
1,776,0.48424999999999996
1,777,0.48250000000000004
1,778,0.11299999999999999
1,779,0.12974999999999998
1,780,0.253
1,781,0.01874999999999999
1,782,0.09050000000000002
1,783,0.17375000000000002
1,784,0.013000000000000012
1,785,0.9644999999999999
1,786,0.9957499999999999
1,787,0.4445
1,788,0.13224999999999998
1,789,0.27249999999999996
1,790,0.035499999999999976
1,791,0.281
1,792,0.0615
1,793,0.062
1,794,0.09975
1,795,0.025249999999999995
1,796,0.09250000000000003
1,797,0.29925
1,798,0.06824999999999998
1,799,0.05075000000000002
1,800,0.06175000000000003
1,801,0.176
1,802,0.03175
1,803,0.07074999999999998
1,804,0.05175000000000002
1,805,0.02350000000000002
1,806,0.30074999999999996
1,807,0.23349999999999999
1,808,0.019000000000000017
1,809,0.24325000000000002
1,810,0.025000000000000022
1,811,0.02250000000000002
1,812,0.034499999999999975
1,813,0.10175000000000001
1,814,0.09699999999999998
1,815,0.018500000000000016
1,816,0.20375
1,817,0.020000000000000018
1,818,0.07350000000000001
1,819,0.048250000000000015
1,820,0.03325
1,821,0.057750000000000024
1,822,0.063
1,823,0.14750000000000002
1,824,0.10649999999999998
1,825,0.14300000000000002
1,826,0.007749999999999979
1,827,0.17625000000000002
1,828,0.16449999999999998
1,829,0.3055
1,830,0.59925
1,831,0.119
1,832,0.15200000000000002
1,833,0.24575000000000002
1,834,0.176
1,835,0.05299999999999999
1,836,0.1225
1,837,0.1775
1,838,0.01924999999999999
1,839,0.11275000000000002
1,840,0.43125
1,841,0.10599999999999998
1,842,0.03475
1,843,0.16675
1,844,0.5625
1,845,0.3435
1,846,0.22999999999999998
1,847,0.031000000000000028
1,848,0.017000000000000015
1,849,0.02200000000000002
1,850,0.2425
1,851,0.14100000000000001
1,852,0.029249999999999998
1,853,0.02975
1,854,0.11075000000000002
1,855,0.03149999999999997
1,856,0.031000000000000028
1,857,0.026749999999999996
1,858,0.04249999999999998
1,859,0.017249999999999988
1,860,0.1325
1,861,0.063
1,862,0.02124999999999999
1,863,0.15600000000000003
1,864,0.21225
1,865,0.10699999999999998
1,866,0.008500000000000008
1,867,0.6055
1,868,0.013000000000000012
1,869,0.05275000000000002
1,870,0.25425
1,871,0.1325
1,872,0.29625
1,873,0.009749999999999981
1,874,0.09300000000000003
1,875,0.14850000000000002
1,876,0.12924999999999998
1,877,0.049750000000000016
1,878,0.10799999999999998
1,879,0.03275
1,880,0.21275
1,881,0.48824999999999996
1,882,0.30425
1,883,0.27675000000000005
1,884,0.015749999999999986
1,885,0.13974999999999999
1,886,0.28325
1,887,0.129
1,888,0.137
1,889,0.30300000000000005
1,890,0.28425
1,891,0.15075
1,892,0.035250000000000004
1,893,0.09449999999999997
1,894,0.05025000000000002
1,895,0.23075
1,896,0.03325
1,897,0.5485
1,898,0.20174999999999998
1,899,0.36550000000000005
1,900,0.48724999999999996
1,901,0.15600000000000003
1,902,0.16249999999999998
1,903,0.057999999999999996
1,904,0.27325
1,905,0.025000000000000022
1,906,0.014749999999999985
1,907,0.035499999999999976
1,908,0.02975
1,909,0.03925000000000001
1,910,0.16725
1,911,0.20375
1,912,0.01200000000000001
1,913,0.15075
1,914,0.07250000000000001
1,915,0.09225
1,916,0.025249999999999995
1,917,0.14024999999999999
1,918,0.05725000000000002
1,919,0.11149999999999999
1,920,0.18375000000000002
1,921,0.50475
1,922,0.08725
1,923,0.03249999999999997
1,924,0.01824999999999999
1,925,0.029500000000000026
1,926,0.16949999999999998
1,927,0.014500000000000013
1,928,0.04949999999999999
1,929,0.06125000000000003
1,930,0.03125
1,931,0.267
1,932,0.2385
1,933,0.10899999999999999
1,934,0.009000000000000008
1,935,0.009500000000000008
1,936,0.405
1,937,0.1775
1,938,0.006500000000000006
1,939,0.02100000000000002
1,940,0.033999999999999975
1,941,0.08900000000000002
1,942,0.40700000000000003
1,943,0.12974999999999998
1,944,0.0695
1,945,0.09975
1,946,0.016249999999999987
1,947,0.019500000000000017
1,948,0.059250000000000025
1,949,0.025500000000000023
1,950,0.3185
1,951,0.42874999999999996
1,952,0.062
1,953,0.10525000000000001
1,954,0.19874999999999998
1,955,0.08750000000000002
1,956,0.10099999999999998
1,957,0.02074999999999999
1,958,0.026000000000000023
1,959,0.027500000000000024
1,960,0.17049999999999998
1,961,0.34199999999999997
1,962,0.011749999999999983
1,963,0.07100000000000001
1,964,0.011749999999999983
1,965,0.03199999999999997
1,966,0.044999999999999984
1,967,0.44599999999999995
1,968,0.07950000000000002
1,969,0.35050000000000003
1,970,0.17025
1,971,0.91625
1,972,0.76
1,973,0.21825
1,974,0.06574999999999998
1,975,0.006249999999999978
1,976,0.003249999999999975
1,977,0.22799999999999998
1,978,0.027249999999999996
1,979,0.05575000000000002
1,980,0.045999999999999985
1,981,0.10225000000000001
1,982,0.32099999999999995
1,983,0.03075
1,984,0.09925
1,985,0.035250000000000004
1,986,0.11499999999999999
1,987,0.22899999999999998
1,988,0.12425000000000003
1,989,0.1805
1,990,0.4065
1,991,0.09575
1,992,0.50125
1,993,0.015000000000000013
1,994,0.03849999999999998
1,995,0.10775000000000001
1,996,0.05075000000000002
1,997,0.19574999999999998
1,998,0.20850000000000002
1,999,0.4615
1,1000,0.29525
1,1001,0.08200000000000002
1,1002,0.0027499999999999747
1,1003,0.661
1,1004,0.11099999999999999
1,1005,0.067
1,1006,0.026249999999999996
1,1007,0.47724999999999995
1,1008,0.53875
1,1009,0.0047499999999999765
1,1010,0.18375000000000002
1,1011,0.17725000000000002
1,1012,0.68125
1,1013,0.21350000000000002
1,1014,0.138
1,1015,0.06
1,1016,0.027500000000000024
1,1017,0.10899999999999999
1,1018,0.03649999999999998
1,1019,0.024249999999999994
1,1020,0.3235
1,1021,0.03149999999999997
1,1022,0.027249999999999996
1,1023,0.07050000000000001
1,1024,0.247
1,1025,0.28700000000000003
1,1026,0.21150000000000002
1,1027,0.049750000000000016
1,1028,0.19174999999999998
1,1029,0.09575
1,1030,0.019500000000000017
1,1031,0.03149999999999997
1,1032,0.059750000000000025
1,1033,0.14525
1,1034,0.23575000000000002
1,1035,0.63975
1,1036,0.99925
1,1037,0.17875000000000002
1,1038,0.018000000000000016
1,1039,0.03025
1,1040,0.388
1,1041,0.02074999999999999
1,1042,0.07124999999999998
1,1043,0.09749999999999998
1,1044,0.173
1,1045,0.08574999999999999
1,1046,0.2945
1,1047,0.09050000000000002
1,1048,0.02174999999999999
1,1049,0.15075
1,1050,0.11525000000000002
1,1051,0.40625
1,1052,0.030500000000000027
1,1053,0.28600000000000003
1,1054,0.29100000000000004
1,1055,0.05299999999999999
1,1056,0.10899999999999999
1,1057,0.241
1,1058,0.016000000000000014
1,1059,0.07274999999999998
1,1060,0.008500000000000008
1,1061,0.03749999999999998
1,1062,0.89625
1,1063,0.033499999999999974
1,1064,0.41625
1,1065,0.22425
1,1066,0.16299999999999998
1,1067,0.010749999999999982
1,1068,0.019000000000000017
1,1069,0.0027499999999999747
1,1070,0.30325
1,1071,0.53625
1,1072,0.72425
1,1073,0.23625000000000002
1,1074,0.15400000000000003
1,1075,0.014500000000000013
1,1076,0.07050000000000001
1,1077,0.015249999999999986
1,1078,0.03799999999999998
1,1079,0.01150000000000001
1,1080,0.005249999999999977
1,1081,0.023749999999999993
1,1082,0.06125000000000003
1,1083,0.06324999999999997
1,1084,0.23375
1,1085,0.173
1,1086,0.029249999999999998
1,1087,0.026500000000000024
1,1088,0.02150000000000002
1,1089,0.15150000000000002
1,1090,0.56375
1,1091,0.31499999999999995
1,1092,0.67325
1,1093,0.4365
1,1094,0.015500000000000014
1,1095,0.07050000000000001
1,1096,0.0655
1,1097,0.05225000000000002
1,1098,0.12774999999999997
1,1099,0.0040000000000000036
1,1100,0.09749999999999998
1,1101,0.26375000000000004
1,1102,0.02174999999999999
1,1103,0.02250000000000002
1,1104,0.42700000000000005
1,1105,0.07174999999999998
1,1106,0.014000000000000012
1,1107,0.035499999999999976
1,1108,0.587
1,1109,0.08775
1,1110,0.037750000000000006
1,1111,0.07150000000000001
1,1112,0.03325
1,1113,0.10549999999999998
1,1114,0.694
1,1115,0.10799999999999998
1,1116,0.08925
1,1117,0.05499999999999999
1,1118,0.07700000000000001
1,1119,0.04049999999999998
1,1120,0.014249999999999985
1,1121,0.030500000000000027
1,1122,0.034999999999999976
1,1123,0.14125
1,1124,0.057750000000000024
1,1125,0.03899999999999998
1,1126,0.02975
1,1127,0.08474999999999999
1,1128,0.02200000000000002
2,1,0.04125000000000001
2,2,0.04049999999999998
2,3,0.06274999999999997
2,4,0.08274999999999999
2,5,0.09100000000000003
2,6,0.06125000000000003
2,7,0.06924999999999998
2,8,0.09599999999999997
2,9,0.07650000000000001
2,10,0.05249999999999999
2,11,0.08800000000000002
2,12,0.10275000000000001
2,13,0.14525
2,14,0.007000000000000006
2,15,0.004500000000000004
2,16,0.027500000000000024
2,17,0.010749999999999982
2,18,0.15925
2,19,0.64025
2,20,0.36724999999999997
2,21,0.5145
2,22,0.48450000000000004
2,23,0.19724999999999998
2,24,0.24875000000000003
2,25,0.08324999999999999
2,26,0.15699999999999997
2,27,0.14550000000000002
2,28,0.058250000000000024
2,29,0.976
2,30,0.12674999999999997
2,31,0.01050000000000001
2,32,0.07350000000000001
2,33,0.07074999999999998
2,34,0.069
2,35,0.10975000000000001
2,36,0.29774999999999996
2,37,0.062
2,38,0.020000000000000018
2,39,0.027500000000000024
2,40,0.017249999999999988
2,41,0.016249999999999987
2,42,0.020000000000000018
2,43,0.07224999999999998
2,44,0.08000000000000002
2,45,0.08725
2,46,0.1775
2,47,0.006249999999999978
2,48,0.3375
2,49,0.31025
2,50,0.0635
2,51,0.29274999999999995
2,52,0.24375000000000002
2,53,0.23175
2,54,0.035499999999999976
2,55,0.07550000000000001
2,56,0.012500000000000011
2,57,0.018000000000000016
2,58,0.05149999999999999
2,59,0.10699999999999998
2,60,0.017500000000000016
2,61,0.35524999999999995
2,62,0.8672500000000001
2,63,0.059250000000000025
2,64,0.14600000000000002
2,65,0.03225
2,66,0.034499999999999975
2,67,0.04125000000000001
2,68,0.029000000000000026
2,69,0.009000000000000008
2,70,0.1795
2,71,0.065
2,72,0.028749999999999998
2,73,0.047750000000000015
2,74,0.01924999999999999
2,75,0.14950000000000002
2,76,0.02150000000000002
2,77,0.03225
2,78,0.059
2,79,0.07374999999999998
2,80,0.016749999999999987
2,81,0.05199999999999999
2,82,0.06824999999999998
2,83,0.03175
2,84,0.06324999999999997
2,85,0.06924999999999998
2,86,0.1915
2,87,0.062
2,88,0.011749999999999983
2,89,0.025000000000000022
2,90,0.198
2,91,0.029500000000000026
2,92,0.04625000000000001
2,93,0.10525000000000001
2,94,0.12425000000000003
2,95,0.0615
2,96,0.07624999999999998
2,97,0.1275
2,98,0.59825
2,99,0.12125000000000002
2,100,0.22049999999999997
2,101,0.14225
2,102,0.01924999999999999
2,103,0.00874999999999998
2,104,0.005249999999999977
2,105,0.037750000000000006
2,106,0.006249999999999978
2,107,0.8174999999999999
2,108,0.10999999999999999
2,109,0.16375
2,110,0.046999999999999986
2,111,0.05449999999999999
2,112,0.5375
2,113,0.64675
2,114,0.035250000000000004
2,115,0.131
2,116,0.046499999999999986
2,117,0.010000000000000009
2,118,0.04099999999999998
2,119,0.0022499999999999742
2,120,0.044999999999999984
2,121,0.21025
2,122,0.125
2,123,0.019500000000000017
2,124,0.017500000000000016
2,125,0.027500000000000024
2,126,0.07724999999999999
2,127,0.022249999999999992
2,128,0.23575000000000002
2,129,0.21150000000000002
2,130,0.017500000000000016
2,131,0.010749999999999982
2,132,0.77525
2,133,0.04749999999999999
2,134,0.05075000000000002
2,135,0.035750000000000004
2,136,0.029000000000000026
2,137,0.030000000000000027
2,138,0.13274999999999998
2,139,0.03975000000000001
2,140,0.02150000000000002
2,141,0.08925
2,142,0.01050000000000001
2,143,0.0655
2,144,0.09799999999999998
2,145,0.046750000000000014
2,146,0.04325000000000001
2,147,0.21875
2,148,0.038250000000000006
2,149,0.08274999999999999
2,150,0.01874999999999999
2,151,0.05249999999999999
2,152,0.15475
2,153,0.15575
2,154,0.31499999999999995
2,155,0.09025
2,156,0.045999999999999985
2,157,0.05049999999999999
2,158,0.02975
2,159,0.02350000000000002
2,160,0.06274999999999997
2,161,0.019500000000000017
2,162,0.14425
2,163,0.01824999999999999
2,164,0.12674999999999997
2,165,0.02300000000000002
2,166,0.013749999999999984
2,167,0.10175000000000001
2,168,0.038250000000000006
2,169,0.23099999999999998
2,170,0.07
2,171,0.09475
2,172,0.627
2,173,0.044499999999999984
2,174,0.04375000000000001
2,175,0.128
2,176,0.13024999999999998
2,177,0.129
2,178,0.045499999999999985
2,179,0.059250000000000025
2,180,0.017749999999999988
2,181,0.01824999999999999
2,182,0.04149999999999998
2,183,0.0655
2,184,0.01874999999999999
2,185,0.05225000000000002
2,186,0.28174999999999994
2,187,0.011249999999999982
2,188,0.53575
2,189,0.026500000000000024
2,190,0.027000000000000024
2,191,0.07874999999999999
2,192,0.14425
2,193,0.54
2,194,0.04349999999999998
2,195,0.6395
2,196,0.181
2,197,0.02174999999999999
2,198,0.16999999999999998
2,199,0.11699999999999999
2,200,0.017500000000000016
2,201,0.04325000000000001
2,202,0.015500000000000014
2,203,0.8685
2,204,0.9590000000000001
2,205,0.012500000000000011
2,206,0.138
2,207,0.011249999999999982
2,208,0.019000000000000017
2,209,0.008000000000000007
2,210,0.01100000000000001
2,211,0.02400000000000002
2,212,0.14950000000000002
2,213,0.029249999999999998
2,214,0.012500000000000011
2,215,0.14550000000000002
2,216,0.1735
2,217,0.01200000000000001
2,218,0.05675000000000002
2,219,0.003249999999999975
2,220,0.37975000000000003
2,221,0.07574999999999998
2,222,0.1225
2,223,0.04799999999999999
2,224,0.018500000000000016
2,225,0.005249999999999977
2,226,0.046750000000000014
2,227,0.03125
2,228,0.018500000000000016
2,229,0.05299999999999999
2,230,0.55575
2,231,0.1975
2,232,0.07900000000000001
2,233,0.04475000000000001
2,234,0.10549999999999998
2,235,0.1275
2,236,0.07924999999999999
2,237,0.007000000000000006
2,238,0.08825
2,239,0.08174999999999999
2,240,0.14075
2,241,0.017249999999999988
2,242,0.09200000000000003
2,243,0.08750000000000002
2,244,0.51975
2,245,0.6965
2,246,0.13024999999999998
2,247,0.022749999999999992
2,248,0.037750000000000006
2,249,0.025249999999999995
2,250,0.02174999999999999
2,251,0.12574999999999997
2,252,0.07824999999999999
2,253,0.033999999999999975
2,254,0.012749999999999984
2,255,0.27549999999999997
2,256,0.15250000000000002
2,257,0.03249999999999997
2,258,0.245
2,259,0.10299999999999998
2,260,0.28049999999999997
2,261,0.023249999999999993
2,262,0.04575000000000001
2,263,0.017000000000000015
2,264,0.07824999999999999
2,265,0.09649999999999997
2,266,0.54575
2,267,0.12774999999999997
2,268,0.05075000000000002
2,269,0.07274999999999998
2,270,0.23425
2,271,0.05525000000000002
2,272,0.19224999999999998
2,273,0.016000000000000014
2,274,0.10225000000000001
2,275,0.12
2,276,0.19324999999999998
2,277,0.24375000000000002
2,278,0.2905
2,279,0.256
2,280,0.048250000000000015
2,281,0.029249999999999998
2,282,0.03425
2,283,0.007500000000000007
2,284,0.010249999999999981
2,285,0.07400000000000001
2,286,0.07274999999999998
2,287,0.15675
2,288,0.09625
2,289,0.033499999999999974
2,290,0.019500000000000017
2,291,0.012249999999999983
2,292,0.26549999999999996
2,293,0.03025
2,294,0.11649999999999999
2,295,0.013249999999999984
2,296,0.016500000000000015
2,297,0.08150000000000002
2,298,0.057750000000000024
2,299,0.64175
2,300,0.04425000000000001
2,301,0.05425000000000002
2,302,0.405
2,303,0.015000000000000013
2,304,0.5405
2,305,0.07024999999999998
2,306,0.03749999999999998
2,307,0.024249999999999994
2,308,0.21150000000000002
2,309,0.08074999999999999
2,310,0.017000000000000015
2,311,0.10799999999999998
2,312,0.08950000000000002
2,313,0.25649999999999995
2,314,0.27449999999999997
2,315,0.026749999999999996
2,316,0.025249999999999995
2,317,0.01100000000000001
2,318,0.04349999999999998
2,319,0.06724999999999998
2,320,0.024249999999999994
2,321,0.04799999999999999
2,322,0.23149999999999998
2,323,0.21100000000000002
2,324,0.1905
2,325,0.16049999999999998
2,326,0.10649999999999998
2,327,0.049250000000000016
2,328,0.13524999999999998
2,329,0.058250000000000024
2,330,0.02975
2,331,0.016500000000000015
2,332,0.023749999999999993
2,333,0.04025000000000001
2,334,0.60575
2,335,0.16399999999999998
2,336,0.07050000000000001
2,337,0.06524999999999997
2,338,0.23225
2,339,0.07024999999999998
2,340,0.007749999999999979
2,341,0.08750000000000002
2,342,0.01974999999999999
2,343,0.11049999999999999
2,344,0.11199999999999999
2,345,0.6075
2,346,0.07124999999999998
2,347,0.015249999999999986
2,348,0.133
2,349,0.11049999999999999
2,350,0.15550000000000003
2,351,0.1385
2,352,0.008500000000000008
2,353,0.11175000000000002
2,354,0.05325000000000002
2,355,0.6805
2,356,0.21400000000000002
2,357,0.07600000000000001
2,358,0.09549999999999997
2,359,0.06374999999999997
2,360,0.08474999999999999
2,361,0.049750000000000016
2,362,0.11575000000000002
2,363,0.028249999999999997
2,364,0.27849999999999997
2,365,0.19274999999999998
2,366,0.137
2,367,0.50725
2,368,0.16899999999999998
2,369,0.036250000000000004
2,370,0.07274999999999998
2,371,0.23025
2,372,0.11075000000000002
2,373,0.015749999999999986
2,374,0.8494999999999999
2,375,0.07074999999999998
2,376,0.14875
2,377,0.9517500000000001
2,378,0.879
2,379,0.09300000000000003
2,380,0.02350000000000002
2,381,0.07424999999999998
2,382,0.39349999999999996
2,383,0.04375000000000001
2,384,0.025249999999999995
2,385,0.055499999999999994
2,386,0.07400000000000001
2,387,0.3265
2,388,0.39849999999999997
2,389,0.37350000000000005
2,390,0.14300000000000002
2,391,0.04625000000000001
2,392,0.009000000000000008
2,393,0.08700000000000002
2,394,0.03125
2,395,0.024249999999999994
2,396,0.29825
2,397,0.037250000000000005
2,398,0.020000000000000018
2,399,0.00924999999999998
2,400,0.04575000000000001
2,401,0.09849999999999998
2,402,0.046750000000000014
2,403,0.07250000000000001
2,404,0.044499999999999984
2,405,0.04949999999999999
2,406,0.24175000000000002
2,407,0.020500000000000018
2,408,0.01974999999999999
2,409,0.034999999999999976
2,410,0.04575000000000001
2,411,0.04099999999999998
2,412,0.23025
2,413,0.05225000000000002
2,414,0.72675
2,415,0.8707499999999999
2,416,0.016000000000000014
2,417,0.269
2,418,0.0595
2,419,0.16975
2,420,0.21625
2,421,0.03225
2,422,0.0655
2,423,0.06175000000000003
2,424,0.15999999999999998
2,425,0.037250000000000005
2,426,0.08324999999999999
2,427,0.14475
2,428,0.0685
2,429,0.06624999999999998
2,430,0.025249999999999995
2,431,0.018500000000000016
2,432,0.03975000000000001
2,433,0.032999999999999974
2,434,0.016500000000000015
2,435,0.1235
2,436,0.22949999999999998
2,437,0.10449999999999998
2,438,0.024749999999999994
2,439,0.31825000000000003
2,440,0.016249999999999987
2,441,0.07924999999999999
2,442,0.03475
2,443,0.06624999999999998
2,444,0.08424999999999999
2,445,0.73975
2,446,0.23575000000000002
2,447,0.561
2,448,0.09200000000000003
2,449,0.061
2,450,0.06274999999999997
2,451,0.035999999999999976
2,452,0.22425
2,453,0.08224999999999999
2,454,0.45075
2,455,0.14575
2,456,0.012749999999999984
2,457,0.032999999999999974
2,458,0.09925
2,459,0.07350000000000001
2,460,0.049750000000000016
2,461,0.121
2,462,0.06
2,463,0.01924999999999999
2,464,0.64025
2,465,0.22399999999999998
2,466,0.057750000000000024
2,467,0.036750000000000005
2,468,0.42474999999999996
2,469,0.5035
2,470,0.036250000000000004
2,471,0.049750000000000016
2,472,0.26549999999999996
2,473,0.059750000000000025
2,474,0.174
2,475,0.07250000000000001
2,476,0.011249999999999982
2,477,0.02024999999999999
2,478,0.10525000000000001
2,479,0.08550000000000002
2,480,0.013249999999999984
2,481,0.19974999999999998
2,482,0.014500000000000013
2,483,0.03149999999999997
2,484,0.13374999999999998
2,485,0.03899999999999998
2,486,0.031000000000000028
2,487,0.013749999999999984
2,488,0.013000000000000012
2,489,0.0027499999999999747
2,490,0.50325
2,491,0.04049999999999998
2,492,0.046999999999999986
2,493,0.13874999999999998
2,494,0.026000000000000023
2,495,0.0605
2,496,0.048250000000000015
2,497,0.33525000000000005
2,498,0.037750000000000006
2,499,0.010749999999999982
2,500,0.01974999999999999
2,501,0.01974999999999999
2,502,0.4325
2,503,0.09775
2,504,0.1355
2,505,0.06974999999999998
2,506,0.016749999999999987
2,507,0.0605
2,508,0.05049999999999999
2,509,0.035499999999999976
2,510,0.025749999999999995
2,511,0.01874999999999999
2,512,0.06175000000000003
2,513,0.09775
2,514,0.02350000000000002
2,515,0.00824999999999998
2,516,0.059250000000000025
2,517,0.01924999999999999
2,518,0.018000000000000016
2,519,0.1225
2,520,0.026749999999999996
2,521,0.07024999999999998
2,522,0.07624999999999998
2,523,0.018000000000000016
2,524,0.1275
2,525,0.04475000000000001
2,526,0.10475000000000001
2,527,0.09699999999999998
2,528,0.11025000000000001
2,529,0.254
2,530,0.21775
2,531,0.20375
2,532,0.15675
2,533,0.04199999999999998
2,534,0.035999999999999976
2,535,0.39
2,536,0.21750000000000003
2,537,0.045499999999999985
2,538,0.29900000000000004
2,539,0.013500000000000012
2,540,0.09525
2,541,0.006000000000000005
2,542,0.05449999999999999
2,543,0.10525000000000001
2,544,0.026249999999999996
2,545,0.03749999999999998
2,546,0.029500000000000026
2,547,0.12025000000000002
2,548,0.24975000000000003
2,549,0.11499999999999999
2,550,0.09200000000000003
2,551,0.0595
2,552,0.057999999999999996
2,553,0.33225000000000005
2,554,0.392
2,555,0.29074999999999995
2,556,0.08725
2,557,0.04949999999999999
2,558,0.11149999999999999
2,559,0.006500000000000006
2,560,0.012749999999999984
2,561,0.005500000000000005
2,562,0.024249999999999994
2,563,0.013749999999999984
2,564,0.09975
2,565,0.033499999999999974
2,566,0.02300000000000002
2,567,0.06474999999999997
2,568,0.29900000000000004
2,569,0.02200000000000002
2,570,0.02100000000000002
2,571,0.006500000000000006
2,572,0.01150000000000001
2,573,0.005749999999999977
2,574,0.02074999999999999
2,575,0.01200000000000001
2,576,0.009500000000000008
2,577,0.00924999999999998
2,578,0.00924999999999998
2,579,0.03225
2,580,0.036250000000000004
2,581,0.04949999999999999
2,582,0.025749999999999995
2,583,0.03375
2,584,0.9185000000000001
2,585,0.23875000000000002
2,586,0.048250000000000015
2,587,0.059
2,588,0.95
2,589,0.5635
2,590,0.023749999999999993
2,591,0.006000000000000005
2,592,0.044499999999999984
2,593,0.0040000000000000036
2,594,0.08600000000000002
2,595,0.04625000000000001
2,596,0.03999999999999998
2,597,0.04275000000000001
2,598,0.04025000000000001
2,599,0.016000000000000014
2,600,0.18375000000000002
2,601,0.28025
2,602,0.43300000000000005
2,603,0.42274999999999996
2,604,0.8145
2,605,0.04375000000000001
2,606,0.08500000000000002
2,607,0.04299999999999998
2,608,0.08324999999999999
2,609,0.24875000000000003
2,610,0.11225000000000002
2,611,0.04175000000000001
2,612,0.04099999999999998
2,613,0.15649999999999997
2,614,0.16099999999999998
2,615,0.045499999999999985
2,616,0.048750000000000016
2,617,0.015249999999999986
2,618,0.013500000000000012
2,619,0.19874999999999998
2,620,0.27825
2,621,0.059250000000000025
2,622,0.010249999999999981
2,623,0.69025
2,624,0.03849999999999998
2,625,0.10399999999999998
2,626,0.029000000000000026
2,627,0.11199999999999999
2,628,0.01050000000000001
2,629,0.08024999999999999
2,630,0.057750000000000024
2,631,0.034499999999999975
2,632,0.027749999999999997
2,633,0.004500000000000004
2,634,0.0605
2,635,0.027000000000000024
2,636,0.006749999999999978
2,637,0.06424999999999997
2,638,0.08450000000000002
2,639,0.04249999999999998
2,640,0.176
2,641,0.05349999999999999
2,642,0.20174999999999998
2,643,0.10299999999999998
2,644,0.015500000000000014
2,645,0.09375
2,646,0.705
2,647,0.02024999999999999
2,648,0.017500000000000016
2,649,0.03249999999999997
2,650,0.047750000000000015
2,651,0.022249999999999992
2,652,0.03875000000000001
2,653,0.025249999999999995
2,654,0.013249999999999984
2,655,0.030000000000000027
2,656,0.035999999999999976
2,657,0.005249999999999977
2,658,0.027500000000000024
2,659,0.009749999999999981
2,660,0.15200000000000002
2,661,0.018000000000000016
2,662,0.62875
2,663,0.38375000000000004
2,664,0.2935
2,665,0.00924999999999998
2,666,0.035750000000000004
2,667,0.03699999999999998
2,668,0.10249999999999998
2,669,0.09000000000000002
2,670,0.015749999999999986
2,671,0.036750000000000005
2,672,0.12325000000000003
2,673,0.017000000000000015
2,674,0.013749999999999984
2,675,0.10225000000000001
2,676,0.048750000000000016
2,677,0.029500000000000026
2,678,0.003500000000000003
2,679,0.17025
2,680,0.10499999999999998
2,681,0.09200000000000003
2,682,0.11625000000000002
2,683,0.063
2,684,0.022749999999999992
2,685,0.017749999999999988
2,686,0.036250000000000004
2,687,0.020500000000000018
2,688,0.11399999999999999
2,689,0.08324999999999999
2,690,0.44999999999999996
2,691,0.13874999999999998
2,692,0.046499999999999986
2,693,0.010000000000000009
2,694,0.42500000000000004
2,695,0.02400000000000002
2,696,0.025500000000000023
2,697,0.026000000000000023
2,698,0.015249999999999986
2,699,0.004249999999999976
2,700,0.013500000000000012
2,701,0.0605
2,702,0.09250000000000003
2,703,0.06874999999999998
2,704,0.06
2,705,0.08450000000000002
2,706,0.015249999999999986
2,707,0.10125
2,708,0.010249999999999981
2,709,0.06225000000000003
2,710,0.10175000000000001
2,711,0.02174999999999999
2,712,0.02300000000000002
2,713,0.012249999999999983
2,714,0.024500000000000022
2,715,0.0655
2,716,0.23199999999999998
2,717,0.61525
2,718,0.03799999999999998
2,719,0.35450000000000004
2,720,0.06724999999999998
2,721,0.025749999999999995
2,722,0.025500000000000023
2,723,0.028000000000000025
2,724,0.030000000000000027
2,725,0.028500000000000025
2,726,0.178
2,727,0.12325000000000003
2,728,0.025500000000000023
2,729,0.07874999999999999
2,730,0.069
2,731,0.1735
2,732,0.030000000000000027
2,733,0.17175
2,734,0.07324999999999998
2,735,0.07050000000000001
2,736,0.006749999999999978
2,737,0.05099999999999999
2,738,0.02300000000000002
2,739,0.14024999999999999
2,740,0.009500000000000008
2,741,0.03075
2,742,0.73225
2,743,0.39925
2,744,0.28974999999999995
2,745,0.261
2,746,0.04225000000000001
2,747,0.11199999999999999
2,748,0.05099999999999999
2,749,0.04299999999999998
2,750,0.20825
2,751,0.06274999999999997
2,752,0.38725
2,753,0.07274999999999998
2,754,0.032999999999999974
2,755,0.08374999999999999
2,756,0.031000000000000028
2,757,0.04425000000000001
2,758,0.07624999999999998
2,759,0.28474999999999995
2,760,0.04175000000000001
2,761,0.34075
2,762,0.024249999999999994
2,763,0.15949999999999998
2,764,0.004500000000000004
2,765,0.44325000000000003
2,766,0.11299999999999999
2,767,0.15875
2,768,0.16275
2,769,0.03225
2,770,0.035750000000000004
2,771,0.1815
2,772,0.029500000000000026
2,773,0.05399999999999999
2,774,0.15649999999999997
2,775,0.277
2,776,0.354
2,777,0.542
2,778,0.069
2,779,0.055999999999999994
2,780,0.07674999999999998
2,781,0.027000000000000024
2,782,0.04625000000000001
2,783,0.05725000000000002
2,784,0.027000000000000024
2,785,0.01100000000000001
2,786,0.02400000000000002
2,787,0.28400000000000003
2,788,0.16325
2,789,0.0605
2,790,0.03925000000000001
2,791,0.09799999999999998
2,792,0.07450000000000001
2,793,0.1985
2,794,0.038250000000000006
2,795,0.030000000000000027
2,796,0.07300000000000001
2,797,0.24125000000000002
2,798,0.04575000000000001
2,799,0.04025000000000001
2,800,0.048250000000000015
2,801,0.174
2,802,0.04625000000000001
2,803,0.04425000000000001
2,804,0.03325
2,805,0.017000000000000015
2,806,0.15525
2,807,0.496
2,808,0.025749999999999995
2,809,0.11499999999999999
2,810,0.016000000000000014
2,811,0.037750000000000006
2,812,0.028000000000000025
2,813,0.08725
2,814,0.08474999999999999
2,815,0.014249999999999985
2,816,0.09599999999999997
2,817,0.024249999999999994
2,818,0.046750000000000014
2,819,0.034999999999999976
2,820,0.014749999999999985
2,821,0.059750000000000025
2,822,0.0645
2,823,0.1885
2,824,0.09825
2,825,0.26275000000000004
2,826,0.0050000000000000044
2,827,0.07674999999999998
2,828,0.14725
2,829,0.196
2,830,0.09300000000000003
2,831,0.036250000000000004
2,832,0.10775000000000001
2,833,0.04749999999999999
2,834,0.07450000000000001
2,835,0.028749999999999998
2,836,0.09925
2,837,0.08825
2,838,0.013000000000000012
2,839,0.11075000000000002
2,840,0.07150000000000001
2,841,0.08150000000000002
2,842,0.09000000000000002
2,843,0.04125000000000001
2,844,0.28325
2,845,0.1355
2,846,0.12125000000000002
2,847,0.027500000000000024
2,848,0.028500000000000025
2,849,0.08900000000000002
2,850,0.16575
2,851,0.09675
2,852,0.06924999999999998
2,853,0.013500000000000012
2,854,0.07474999999999998
2,855,0.04575000000000001
2,856,0.07074999999999998
2,857,0.01824999999999999
2,858,0.08424999999999999
2,859,0.009000000000000008
2,860,0.08925
2,861,0.059
2,862,0.011749999999999983
2,863,0.15250000000000002
2,864,0.11725000000000002
2,865,0.067
2,866,0.010249999999999981
2,867,0.6435
2,868,0.020500000000000018
2,869,0.0625
2,870,0.35624999999999996
2,871,0.049750000000000016
2,872,0.08250000000000002
2,873,0.00924999999999998
2,874,0.10249999999999998
2,875,0.03649999999999998
2,876,0.015000000000000013
2,877,0.03925000000000001
2,878,0.07724999999999999
2,879,0.036250000000000004
2,880,0.10799999999999998
2,881,0.5795
2,882,0.689
2,883,0.129
2,884,0.015749999999999986
2,885,0.27325
2,886,0.272
2,887,0.21575
2,888,0.18375000000000002
2,889,0.31675
2,890,0.35950000000000004
2,891,0.05175000000000002
2,892,0.028249999999999997
2,893,0.09749999999999998
2,894,0.035999999999999976
2,895,0.19424999999999998
2,896,0.07350000000000001
2,897,0.29574999999999996
2,898,0.10525000000000001
2,899,0.12125000000000002
2,900,0.3135
2,901,0.07874999999999999
2,902,0.06674999999999998
2,903,0.03749999999999998
2,904,0.1755
2,905,0.017500000000000016
2,906,0.015749999999999986
2,907,0.04375000000000001
2,908,0.03949999999999998
2,909,0.01924999999999999
2,910,0.11525000000000002
2,911,0.10975000000000001
2,912,0.011749999999999983
2,913,0.28625
2,914,0.020500000000000018
2,915,0.056999999999999995
2,916,0.011749999999999983
2,917,0.01150000000000001
2,918,0.02400000000000002
2,919,0.17725000000000002
2,920,0.4375
2,921,0.20375
2,922,0.1965
2,923,0.04349999999999998
2,924,0.010749999999999982
2,925,0.01100000000000001
2,926,0.25575000000000003
2,927,0.01974999999999999
2,928,0.022749999999999992
2,929,0.04249999999999998
2,930,0.011749999999999983
2,931,0.2425
2,932,0.09599999999999997
2,933,0.251
2,934,0.02350000000000002
2,935,0.013500000000000012
2,936,0.17475000000000002
2,937,0.14150000000000001
2,938,0.0040000000000000036
2,939,0.010000000000000009
2,940,0.016749999999999987
2,941,0.06574999999999998
2,942,0.07124999999999998
2,943,0.1215
2,944,0.06624999999999998
2,945,0.062
2,946,0.00824999999999998
2,947,0.02300000000000002
2,948,0.028249999999999997
2,949,0.027749999999999997
2,950,0.127
2,951,0.9319999999999999
2,952,0.15175
2,953,0.6375
2,954,0.14375
2,955,0.06624999999999998
2,956,0.09150000000000003
2,957,0.02174999999999999
2,958,0.032999999999999974
2,959,0.13074999999999998
2,960,0.09125
2,961,0.14100000000000001
2,962,0.032999999999999974
2,963,0.08024999999999999
2,964,0.013500000000000012
2,965,0.022249999999999992
2,966,0.17925000000000002
2,967,0.185
2,968,0.07600000000000001
2,969,0.10799999999999998
2,970,0.055499999999999994
2,971,0.581
2,972,0.35550000000000004
2,973,0.07550000000000001
2,974,0.0635
2,975,0.00824999999999998
2,976,0.003500000000000003
2,977,0.05349999999999999
2,978,0.059250000000000025
2,979,0.049250000000000016
2,980,0.05199999999999999
2,981,0.046750000000000014
2,982,0.15875
2,983,0.05175000000000002
2,984,0.04125000000000001
2,985,0.024249999999999994
2,986,0.04949999999999999
2,987,0.14375
2,988,0.06524999999999997
2,989,0.10175000000000001
2,990,0.26925
2,991,0.54825
2,992,0.264
2,993,0.013249999999999984
2,994,0.04575000000000001
2,995,0.122
2,996,0.068
2,997,0.121
2,998,0.2895
2,999,0.4075
2,1000,0.15749999999999997
2,1001,0.32425000000000004
2,1002,0.0022499999999999742
2,1003,0.10925000000000001
2,1004,0.12075000000000002
2,1005,0.058750000000000024
2,1006,0.037750000000000006
2,1007,0.14425
2,1008,0.14850000000000002
2,1009,0.003249999999999975
2,1010,0.21350000000000002
2,1011,0.08224999999999999
2,1012,0.46175
2,1013,0.21500000000000002
2,1014,0.2475
2,1015,0.07974999999999999
2,1016,0.03749999999999998
2,1017,0.1745
2,1018,0.13174999999999998
2,1019,0.03849999999999998
2,1020,0.129
2,1021,0.025500000000000023
2,1022,0.03425
2,1023,0.037750000000000006
2,1024,0.14650000000000002
2,1025,0.15849999999999997
2,1026,0.44799999999999995
2,1027,0.03649999999999998
2,1028,0.45875
2,1029,0.056499999999999995
2,1030,0.020500000000000018
2,1031,0.05349999999999999
2,1032,0.058499999999999996
2,1033,0.09925
2,1034,0.09325
2,1035,0.17475000000000002
2,1036,0.17125
2,1037,0.11349999999999999
2,1038,0.020000000000000018
2,1039,0.014500000000000013
2,1040,0.47075
2,1041,0.020500000000000018
2,1042,0.046499999999999986
2,1043,0.15875
2,1044,0.21175
2,1045,0.057750000000000024
2,1046,0.07500000000000001
2,1047,0.07200000000000001
2,1048,0.016500000000000015
2,1049,0.07400000000000001
2,1050,0.15675
2,1051,0.17099999999999999
2,1052,0.023249999999999993
2,1053,0.21700000000000003
2,1054,0.28125
2,1055,0.01200000000000001
2,1056,0.04525000000000001
2,1057,0.23275
2,1058,0.03699999999999998
2,1059,0.02074999999999999
2,1060,0.008000000000000007
2,1061,0.03325
2,1062,0.198
2,1063,0.030500000000000027
2,1064,0.22799999999999998
2,1065,0.09849999999999998
2,1066,0.15075
2,1067,0.030000000000000027
2,1068,0.03799999999999998
2,1069,0.008000000000000007
2,1070,0.30574999999999997
2,1071,0.25475000000000003
2,1072,0.25125
2,1073,0.32125000000000004
2,1074,0.7537499999999999
2,1075,0.16899999999999998
2,1076,0.48550000000000004
2,1077,0.46225000000000005
2,1078,0.014749999999999985
2,1079,0.009749999999999981
2,1080,0.0025000000000000022
2,1081,0.027249999999999996
2,1082,0.04175000000000001
2,1083,0.04149999999999998
2,1084,0.18475000000000003
2,1085,0.11299999999999999
2,1086,0.029249999999999998
2,1087,0.06624999999999998
2,1088,0.055999999999999994
2,1089,0.07324999999999998
2,1090,0.38149999999999995
2,1091,0.22499999999999998
2,1092,0.21700000000000003
2,1093,0.31525000000000003
2,1094,0.022249999999999992
2,1095,0.05375000000000002
2,1096,0.037750000000000006
2,1097,0.03075
2,1098,0.057999999999999996
2,1099,0.0047499999999999765
2,1100,0.03749999999999998
2,1101,0.178
2,1102,0.016000000000000014
2,1103,0.02074999999999999
2,1104,0.38649999999999995
2,1105,0.09649999999999997
2,1106,0.024249999999999994
2,1107,0.013000000000000012
2,1108,0.2925
2,1109,0.09375
2,1110,0.049750000000000016
2,1111,0.022249999999999992
2,1112,0.243
2,1113,0.38525
2,1114,0.18725000000000003
2,1115,0.21700000000000003
2,1116,0.13524999999999998
2,1117,0.018000000000000016
2,1118,0.08725
2,1119,0.05249999999999999
2,1120,0.015749999999999986
2,1121,0.012500000000000011
2,1122,0.020000000000000018
2,1123,0.12225000000000003
2,1124,0.03275
2,1125,0.02100000000000002
2,1126,0.01100000000000001
2,1127,0.10525000000000001
2,1128,0.01974999999999999
3,1,0.046750000000000014
3,2,0.055499999999999994
3,3,0.029249999999999998
3,4,0.08700000000000002
3,5,0.04749999999999999
3,6,0.047750000000000015
3,7,0.045999999999999985
3,8,0.14275
3,9,0.028500000000000025
3,10,0.03875000000000001
3,11,0.024500000000000022
3,12,0.06474999999999997
3,13,0.08100000000000002
3,14,0.005500000000000005
3,15,0.0050000000000000044
3,16,0.03475
3,17,0.006749999999999978
3,18,0.11375000000000002
3,19,0.16025
3,20,0.14075
3,21,0.252
3,22,0.19374999999999998
3,23,0.10425000000000001
3,24,0.016749999999999987
3,25,0.048750000000000016
3,26,0.0645
3,27,0.13174999999999998
3,28,0.08625
3,29,0.3215
3,30,0.09549999999999997
3,31,0.01200000000000001
3,32,0.035750000000000004
3,33,0.059750000000000025
3,34,0.06624999999999998
3,35,0.05299999999999999
3,36,0.28574999999999995
3,37,0.05275000000000002
3,38,0.029000000000000026
3,39,0.03649999999999998
3,40,0.017500000000000016
3,41,0.020000000000000018
3,42,0.013249999999999984
3,43,0.022749999999999992
3,44,0.02350000000000002
3,45,0.035250000000000004
3,46,0.10775000000000001
3,47,0.005749999999999977
3,48,0.020500000000000018
3,49,0.19124999999999998
3,50,0.08550000000000002
3,51,0.19624999999999998
3,52,0.10925000000000001
3,53,0.0635
3,54,0.035999999999999976
3,55,0.06624999999999998
3,56,0.048750000000000016
3,57,0.011249999999999982
3,58,0.08675
3,59,0.09125
3,60,0.015000000000000013
3,61,0.07674999999999998
3,62,0.10249999999999998
3,63,0.009500000000000008
3,64,0.03749999999999998
3,65,0.022249999999999992
3,66,0.017749999999999988
3,67,0.037750000000000006
3,68,0.017749999999999988
3,69,0.010249999999999981
3,70,0.0635
3,71,0.012249999999999983
3,72,0.027749999999999997
3,73,0.033999999999999975
3,74,0.008500000000000008
3,75,0.09525
3,76,0.029249999999999998
3,77,0.018000000000000016
3,78,0.03375
3,79,0.04275000000000001
3,80,0.02074999999999999
3,81,0.064
3,82,0.07774999999999999
3,83,0.03849999999999998
3,84,0.035250000000000004
3,85,0.06724999999999998
3,86,0.11249999999999999
3,87,0.08875
3,88,0.019000000000000017
3,89,0.02150000000000002
3,90,0.03749999999999998
3,91,0.02150000000000002
3,92,0.024500000000000022
3,93,0.05025000000000002
3,94,0.08450000000000002
3,95,0.046499999999999986
3,96,0.11075000000000002
3,97,0.10825000000000001
3,98,0.08875
3,99,0.183
3,100,0.24075000000000002
3,101,0.05449999999999999
3,102,0.019000000000000017
3,103,0.11075000000000002
3,104,0.0037499999999999756
3,105,0.05399999999999999
3,106,0.007000000000000006
3,107,0.11699999999999999
3,108,0.03225
3,109,0.05399999999999999
3,110,0.05249999999999999
3,111,0.03799999999999998
3,112,0.027249999999999996
3,113,0.15825
3,114,0.015749999999999986
3,115,0.11349999999999999
3,116,0.01974999999999999
3,117,0.005500000000000005
3,118,0.04199999999999998
3,119,0.008500000000000008
3,120,0.07274999999999998
3,121,0.22175
3,122,0.11475000000000002
3,123,0.016249999999999987
3,124,0.1995
3,125,0.024249999999999994
3,126,0.01974999999999999
3,127,0.04299999999999998
3,128,0.3385
3,129,0.14125
3,130,0.015500000000000014
3,131,0.02350000000000002
3,132,0.21175
3,133,0.045999999999999985
3,134,0.028249999999999997
3,135,0.04049999999999998
3,136,0.01924999999999999
3,137,0.024249999999999994
3,138,0.16075
3,139,0.04475000000000001
3,140,0.024749999999999994
3,141,0.08750000000000002
3,142,0.013500000000000012
3,143,0.08500000000000002
3,144,0.11299999999999999
3,145,0.04249999999999998
3,146,0.059250000000000025
3,147,0.020000000000000018
3,148,0.056999999999999995
3,149,0.08324999999999999
3,150,0.02174999999999999
3,151,0.04125000000000001
3,152,0.05275000000000002
3,153,0.04249999999999998
3,154,0.15849999999999997
3,155,0.18125000000000002
3,156,0.11199999999999999
3,157,0.06774999999999998
3,158,0.02174999999999999
3,159,0.026749999999999996
3,160,0.058250000000000024
3,161,0.008500000000000008
3,162,0.10225000000000001
3,163,0.00924999999999998
3,164,0.0695
3,165,0.024749999999999994
3,166,0.01200000000000001
3,167,0.10175000000000001
3,168,0.037250000000000005
3,169,0.26575000000000004
3,170,0.15350000000000003
3,171,0.09025
3,172,0.08124999999999999
3,173,0.04249999999999998
3,174,0.008000000000000007
3,175,0.21999999999999997
3,176,0.08050000000000002
3,177,0.06
3,178,0.02150000000000002
3,179,0.10325000000000001
3,180,0.02200000000000002
3,181,0.060750000000000026
3,182,0.11199999999999999
3,183,0.09025
3,184,0.012749999999999984
3,185,0.04799999999999999
3,186,0.036250000000000004
3,187,0.01050000000000001
3,188,0.48275
3,189,0.03425
3,190,0.05225000000000002
3,191,0.07624999999999998
3,192,0.1395
3,193,0.018500000000000016
3,194,0.05225000000000002
3,195,0.48350000000000004
3,196,0.0645
3,197,0.037750000000000006
3,198,0.0615
3,199,0.012249999999999983
3,200,0.024749999999999994
3,201,0.15025
3,202,0.009749999999999981
3,203,0.19574999999999998
3,204,0.16625
3,205,0.01100000000000001
3,206,0.028249999999999997
3,207,0.010000000000000009
3,208,0.018500000000000016
3,209,0.01050000000000001
3,210,0.00824999999999998
3,211,0.01824999999999999
3,212,0.16549999999999998
3,213,0.02024999999999999
3,214,0.05425000000000002
3,215,0.11475000000000002
3,216,0.184
3,217,0.014749999999999985
3,218,0.06374999999999997
3,219,0.0022499999999999742
3,220,0.21525
3,221,0.057750000000000024
3,222,0.05199999999999999
3,223,0.015249999999999986
3,224,0.035250000000000004
3,225,0.007500000000000007
3,226,0.04249999999999998
3,227,0.06175000000000003
3,228,0.014000000000000012
3,229,0.047250000000000014
3,230,0.853
3,231,0.18425000000000002
3,232,0.03125
3,233,0.026500000000000024
3,234,0.09849999999999998
3,235,0.10049999999999998
3,236,0.05449999999999999
3,237,0.008000000000000007
3,238,0.04325000000000001
3,239,0.09175
3,240,0.21700000000000003
3,241,0.022749999999999992
3,242,0.058499999999999996
3,243,0.09275
3,244,0.18625000000000003
3,245,0.025249999999999995
3,246,0.02200000000000002
3,247,0.029500000000000026
3,248,0.06125000000000003
3,249,0.022749999999999992
3,250,0.022749999999999992
3,251,0.10925000000000001
3,252,0.05475000000000002
3,253,0.026500000000000024
3,254,0.00924999999999998
3,255,0.07100000000000001
3,256,0.10775000000000001
3,257,0.03249999999999997
3,258,0.27275000000000005
3,259,0.06724999999999998
3,260,0.14925
3,261,0.04375000000000001
3,262,0.0645
3,263,0.020000000000000018
3,264,0.5415
3,265,0.04575000000000001
3,266,0.22975
3,267,0.046499999999999986
3,268,0.045999999999999985
3,269,0.11375000000000002
3,270,0.274
3,271,0.05299999999999999
3,272,0.26675000000000004
3,273,0.02024999999999999
3,274,0.04199999999999998
3,275,0.09200000000000003
3,276,0.1855
3,277,0.36650000000000005
3,278,0.172
3,279,0.21650000000000003
3,280,0.027000000000000024
3,281,0.01974999999999999
3,282,0.09175
3,283,0.015000000000000013
3,284,0.01200000000000001
3,285,0.03875000000000001
3,286,0.06724999999999998
3,287,0.03875000000000001
3,288,0.08274999999999999
3,289,0.031000000000000028
3,290,0.014500000000000013
3,291,0.006000000000000005
3,292,0.32699999999999996
3,293,0.04425000000000001
3,294,0.057750000000000024
3,295,0.0050000000000000044
3,296,0.010749999999999982
3,297,0.058750000000000024
3,298,0.14500000000000002
3,299,0.578
3,300,0.033499999999999974
3,301,0.027749999999999997
3,302,0.36650000000000005
3,303,0.02124999999999999
3,304,0.08350000000000002
3,305,0.059750000000000025
3,306,0.03975000000000001
3,307,0.03749999999999998
3,308,0.09225
3,309,0.05025000000000002
3,310,0.015000000000000013
3,311,0.10875000000000001
3,312,0.08174999999999999
3,313,0.18874999999999997
3,314,0.173
3,315,0.02150000000000002
3,316,0.049250000000000016
3,317,0.017500000000000016
3,318,0.026000000000000023
3,319,0.09100000000000003
3,320,0.00924999999999998
3,321,0.010749999999999982
3,322,0.04625000000000001
3,323,0.18125000000000002
3,324,0.16075
3,325,0.21025
3,326,0.09875
3,327,0.04099999999999998
3,328,0.21500000000000002
3,329,0.057750000000000024
3,330,0.03225
3,331,0.022749999999999992
3,332,0.05499999999999999
3,333,0.203
3,334,0.12824999999999998
3,335,0.14075
3,336,0.055499999999999994
3,337,0.05175000000000002
3,338,0.132
3,339,0.0665
3,340,0.008000000000000007
3,341,0.056499999999999995
3,342,0.00874999999999998
3,343,0.029000000000000026
3,344,0.058250000000000024
3,345,0.028500000000000025
3,346,0.027749999999999997
3,347,0.006249999999999978
3,348,0.1185
3,349,0.0695
3,350,0.04475000000000001
3,351,0.1885
3,352,0.060250000000000026
3,353,0.09375
3,354,0.07600000000000001
3,355,0.21225
3,356,0.21525
3,357,0.014000000000000012
3,358,0.015500000000000014
3,359,0.04049999999999998
3,360,0.10125
3,361,0.029249999999999998
3,362,0.09449999999999997
3,363,0.019000000000000017
3,364,0.09775
3,365,0.22075
3,366,0.14275
3,367,0.10199999999999998
3,368,0.1735
3,369,0.025500000000000023
3,370,0.07674999999999998
3,371,0.037250000000000005
3,372,0.038250000000000006
3,373,0.016249999999999987
3,374,0.49375
3,375,0.05175000000000002
3,376,0.16275
3,377,0.09849999999999998
3,378,0.25149999999999995
3,379,0.1325
3,380,0.025000000000000022
3,381,0.06175000000000003
3,382,0.07300000000000001
3,383,0.04799999999999999
3,384,0.0625
3,385,0.09699999999999998
3,386,0.08625
3,387,0.28725
3,388,0.38775000000000004
3,389,0.26049999999999995
3,390,0.11049999999999999
3,391,0.046750000000000014
3,392,0.015249999999999986
3,393,0.08725
3,394,0.044499999999999984
3,395,0.03075
3,396,0.20450000000000002
3,397,0.42925
3,398,0.025749999999999995
3,399,0.00874999999999998
3,400,0.005749999999999977
3,401,0.10299999999999998
3,402,0.047250000000000014
3,403,0.43374999999999997
3,404,0.028000000000000025
3,405,0.026000000000000023
3,406,0.2855
3,407,0.037750000000000006
3,408,0.025749999999999995
3,409,0.024500000000000022
3,410,0.03425
3,411,0.037750000000000006
3,412,0.33599999999999997
3,413,0.013249999999999984
3,414,0.235
3,415,0.49675
3,416,0.20700000000000002
3,417,0.487
3,418,0.22625
3,419,0.04275000000000001
3,420,0.07100000000000001
3,421,0.016749999999999987
3,422,0.09325
3,423,0.07900000000000001
3,424,0.181
3,425,0.048250000000000015
3,426,0.09749999999999998
3,427,0.05249999999999999
3,428,0.030000000000000027
3,429,0.03025
3,430,0.015000000000000013
3,431,0.015000000000000013
3,432,0.03899999999999998
3,433,0.03025
3,434,0.01150000000000001
3,435,0.033499999999999974
3,436,0.10225000000000001
3,437,0.04099999999999998
3,438,0.013749999999999984
3,439,0.37775000000000003
3,440,0.013249999999999984
3,441,0.030500000000000027
3,442,0.11525000000000002
3,443,0.09000000000000002
3,444,0.03375
3,445,0.53675
3,446,0.13124999999999998
3,447,0.25725
3,448,0.14650000000000002
3,449,0.07400000000000001
3,450,0.139
3,451,0.9624999999999999
3,452,0.4495
3,453,0.09025
3,454,0.13724999999999998
3,455,0.22725
3,456,0.012249999999999983
3,457,0.027249999999999996
3,458,0.10475000000000001
3,459,0.056999999999999995
3,460,0.05099999999999999
3,461,0.03749999999999998
3,462,0.02100000000000002
3,463,0.024749999999999994
3,464,0.574
3,465,0.35675
3,466,0.035499999999999976
3,467,0.04349999999999998
3,468,0.42374999999999996
3,469,0.35050000000000003
3,470,0.02975
3,471,0.05499999999999999
3,472,0.37324999999999997
3,473,0.064
3,474,0.177
3,475,0.08124999999999999
3,476,0.05149999999999999
3,477,0.02150000000000002
3,478,0.136
3,479,0.04849999999999999
3,480,0.014000000000000012
3,481,0.6765
3,482,0.03125
3,483,0.036250000000000004
3,484,0.026500000000000024
3,485,0.02150000000000002
3,486,0.024749999999999994
3,487,0.016249999999999987
3,488,0.016000000000000014
3,489,0.0027499999999999747
3,490,0.3305
3,491,0.04025000000000001
3,492,0.007749999999999979
3,493,0.16899999999999998
3,494,0.02100000000000002
3,495,0.09675
3,496,0.048750000000000016
3,497,0.09025
3,498,0.03999999999999998
3,499,0.014249999999999985
3,500,0.017000000000000015
3,501,0.02174999999999999
3,502,0.07724999999999999
3,503,0.0635
3,504,0.178
3,505,0.43899999999999995
3,506,0.03899999999999998
3,507,0.07024999999999998
3,508,0.0595
3,509,0.04025000000000001
3,510,0.03275
3,511,0.016249999999999987
3,512,0.12125000000000002
3,513,0.066
3,514,0.010000000000000009
3,515,0.00824999999999998
3,516,0.04125000000000001
3,517,0.02975
3,518,0.01874999999999999
3,519,0.16075
3,520,0.024249999999999994
3,521,0.06774999999999998
3,522,0.03025
3,523,0.0625
3,524,0.15325
3,525,0.027500000000000024
3,526,0.118
3,527,0.06924999999999998
3,528,0.14475
3,529,0.14525
3,530,0.05499999999999999
3,531,0.1405
3,532,0.11075000000000002
3,533,0.17525000000000002
3,534,0.006500000000000006
3,535,0.044999999999999984
3,536,0.2415
3,537,0.048750000000000016
3,538,0.15899999999999997
3,539,0.015749999999999986
3,540,0.10749999999999998
3,541,0.006000000000000005
3,542,0.006500000000000006
3,543,0.31625000000000003
3,544,0.03075
3,545,0.04425000000000001
3,546,0.03875000000000001
3,547,0.24125000000000002
3,548,0.16375
3,549,0.030500000000000027
3,550,0.059250000000000025
3,551,0.07224999999999998
3,552,0.04749999999999999
3,553,0.16499999999999998
3,554,0.21800000000000003
3,555,0.24725000000000003
3,556,0.14300000000000002
3,557,0.07850000000000001
3,558,0.14500000000000002
3,559,0.006249999999999978
3,560,0.009749999999999981
3,561,0.006000000000000005
3,562,0.04749999999999999
3,563,0.026500000000000024
3,564,0.188
3,565,0.07500000000000001
3,566,0.031000000000000028
3,567,0.08925
3,568,0.12824999999999998
3,569,0.023249999999999993
3,570,0.025500000000000023
3,571,0.09425
3,572,0.026249999999999996
3,573,0.004249999999999976
3,574,0.029000000000000026
3,575,0.012749999999999984
3,576,0.010749999999999982
3,577,0.01150000000000001
3,578,0.008500000000000008
3,579,0.04425000000000001
3,580,0.06774999999999998
3,581,0.04799999999999999
3,582,0.04075000000000001
3,583,0.033999999999999975
3,584,0.10675000000000001
3,585,0.2905
3,586,0.09250000000000003
3,587,0.06474999999999997
3,588,0.07424999999999998
3,589,0.03925000000000001
3,590,0.014000000000000012
3,591,0.007500000000000007
3,592,0.03199999999999997
3,593,0.004500000000000004
3,594,0.20124999999999998
3,595,0.04125000000000001
3,596,0.03475
3,597,0.09425
3,598,0.09025
3,599,0.009500000000000008
3,600,0.15200000000000002
3,601,0.21600000000000003
3,602,0.30674999999999997
3,603,0.20900000000000002
3,604,0.131
3,605,0.032999999999999974
3,606,0.03975000000000001
3,607,0.024249999999999994
3,608,0.056499999999999995
3,609,0.28774999999999995
3,610,0.118
3,611,0.06274999999999997
3,612,0.034499999999999975
3,613,0.1955
3,614,0.20274999999999999
3,615,0.063
3,616,0.03875000000000001
3,617,0.02100000000000002
3,618,0.02024999999999999
3,619,0.11775000000000002
3,620,0.1365
3,621,0.0695
3,622,0.025500000000000023
3,623,0.05475000000000002
3,624,0.03425
3,625,0.16825
3,626,0.02300000000000002
3,627,0.07874999999999999
3,628,0.017749999999999988
3,629,0.21550000000000002
3,630,0.02124999999999999
3,631,0.01924999999999999
3,632,0.019500000000000017
3,633,0.004249999999999976
3,634,0.126
3,635,0.018500000000000016
3,636,0.007000000000000006
3,637,0.03225
3,638,0.05199999999999999
3,639,0.07074999999999998
3,640,0.26949999999999996
3,641,0.07124999999999998
3,642,0.07924999999999999
3,643,0.07800000000000001
3,644,0.019000000000000017
3,645,0.09475
3,646,0.50375
3,647,0.01824999999999999
3,648,0.024749999999999994
3,649,0.027000000000000024
3,650,0.09275
3,651,0.02024999999999999
3,652,0.03899999999999998
3,653,0.03249999999999997
3,654,0.474
3,655,0.15775
3,656,0.03325
3,657,0.004249999999999976
3,658,0.08074999999999999
3,659,0.010000000000000009
3,660,0.07850000000000001
3,661,0.027749999999999997
3,662,0.014249999999999985
3,663,0.066
3,664,0.04199999999999998
3,665,0.010749999999999982
3,666,0.037750000000000006
3,667,0.02200000000000002
3,668,0.09899999999999998
3,669,0.06524999999999997
3,670,0.015749999999999986
3,671,0.05075000000000002
3,672,0.058499999999999996
3,673,0.014749999999999985
3,674,0.018500000000000016
3,675,0.09925
3,676,0.035999999999999976
3,677,0.025249999999999995
3,678,0.007249999999999979
3,679,0.26349999999999996
3,680,0.026500000000000024
3,681,0.046750000000000014
3,682,0.11099999999999999
3,683,0.06574999999999998
3,684,0.013749999999999984
3,685,0.022249999999999992
3,686,0.02975
3,687,0.024500000000000022
3,688,0.030000000000000027
3,689,0.033999999999999975
3,690,0.09825
3,691,0.13424999999999998
3,692,0.020500000000000018
3,693,0.04225000000000001
3,694,0.278
3,695,0.015249999999999986
3,696,0.02200000000000002
3,697,0.019500000000000017
3,698,0.007000000000000006
3,699,0.006000000000000005
3,700,0.01924999999999999
3,701,0.18325000000000002
3,702,0.14175
3,703,0.04799999999999999
3,704,0.03949999999999998
3,705,0.07424999999999998
3,706,0.008500000000000008
3,707,0.03975000000000001
3,708,0.01150000000000001
3,709,0.09775
3,710,0.10149999999999998
3,711,0.018500000000000016
3,712,0.03199999999999997
3,713,0.01150000000000001
3,714,0.02975
3,715,0.07300000000000001
3,716,0.03749999999999998
3,717,0.13374999999999998
3,718,0.19474999999999998
3,719,0.25225
3,720,0.14024999999999999
3,721,0.044499999999999984
3,722,0.013500000000000012
3,723,0.018000000000000016
3,724,0.020000000000000018
3,725,0.056499999999999995
3,726,0.41825
3,727,0.15649999999999997
3,728,0.04749999999999999
3,729,0.183
3,730,0.08224999999999999
3,731,0.21925
3,732,0.046499999999999986
3,733,0.22275
3,734,0.04125000000000001
3,735,0.12874999999999998
3,736,0.015249999999999986
3,737,0.07450000000000001
3,738,0.013000000000000012
3,739,0.0695
3,740,0.006749999999999978
3,741,0.07150000000000001
3,742,0.7542500000000001
3,743,0.22925
3,744,0.014749999999999985
3,745,0.179
3,746,0.04849999999999999
3,747,0.122
3,748,0.02975
3,749,0.05025000000000002
3,750,0.244
3,751,0.03899999999999998
3,752,0.12125000000000002
3,753,0.08400000000000002
3,754,0.028000000000000025
3,755,0.030500000000000027
3,756,0.03225
3,757,0.02124999999999999
3,758,0.11349999999999999
3,759,0.14425
3,760,0.10225000000000001
3,761,0.241
3,762,0.049750000000000016
3,763,0.22175
3,764,0.008000000000000007
3,765,0.1305
3,766,0.09499999999999997
3,767,0.10899999999999999
3,768,0.08450000000000002
3,769,0.02074999999999999
3,770,0.056499999999999995
3,771,0.22349999999999998
3,772,0.015500000000000014
3,773,0.03999999999999998
3,774,0.10025
3,775,0.010000000000000009
3,776,0.03975000000000001
3,777,0.52375
3,778,0.056999999999999995
3,779,0.07550000000000001
3,780,0.07950000000000002
3,781,0.034999999999999976
3,782,0.056999999999999995
3,783,0.025000000000000022
3,784,0.0037499999999999756
3,785,0.006000000000000005
3,786,0.02250000000000002
3,787,0.22425
3,788,0.07600000000000001
3,789,0.07374999999999998
3,790,0.04849999999999999
3,791,0.11399999999999999
3,792,0.18275000000000002
3,793,0.04025000000000001
3,794,0.03225
3,795,0.01924999999999999
3,796,0.07200000000000001
3,797,0.23299999999999998
3,798,0.05125000000000002
3,799,0.06274999999999997
3,800,0.058750000000000024
3,801,0.25149999999999995
3,802,0.02174999999999999
3,803,0.024749999999999994
3,804,0.044499999999999984
3,805,0.018500000000000016
3,806,0.18675000000000003
3,807,0.46799999999999997
3,808,0.08024999999999999
3,809,0.13424999999999998
3,810,0.2955
3,811,0.022749999999999992
3,812,0.035999999999999976
3,813,0.08174999999999999
3,814,0.09475
3,815,0.011749999999999983
3,816,0.04075000000000001
3,817,0.02400000000000002
3,818,0.03025
3,819,0.05249999999999999
3,820,0.010749999999999982
3,821,0.03649999999999998
3,822,0.05299999999999999
3,823,0.14700000000000002
3,824,0.07750000000000001
3,825,0.13924999999999998
3,826,0.007000000000000006
3,827,0.03475
3,828,0.14225
3,829,0.17825000000000002
3,830,0.09899999999999998
3,831,0.016749999999999987
3,832,0.08650000000000002
3,833,0.058499999999999996
3,834,0.045999999999999985
3,835,0.03999999999999998
3,836,0.04349999999999998
3,837,0.0665
3,838,0.02350000000000002
3,839,0.03899999999999998
3,840,0.0665
3,841,0.11299999999999999
3,842,0.04425000000000001
3,843,0.035250000000000004
3,844,0.21250000000000002
3,845,0.14100000000000001
3,846,0.2925
3,847,0.09075
3,848,0.011749999999999983
3,849,0.09225
3,850,0.37825
3,851,0.09300000000000003
3,852,0.09075
3,853,0.016249999999999987
3,854,0.10775000000000001
3,855,0.10649999999999998
3,856,0.01050000000000001
3,857,0.025000000000000022
3,858,0.028500000000000025
3,859,0.010749999999999982
3,860,0.027000000000000024
3,861,0.02024999999999999
3,862,0.011749999999999983
3,863,0.6445
3,864,0.20675
3,865,0.49
3,866,0.015500000000000014
3,867,0.372
3,868,0.023749999999999993
3,869,0.059
3,870,0.33299999999999996
3,871,0.07450000000000001
3,872,0.07474999999999998
3,873,0.015249999999999986
3,874,0.09925
3,875,0.06624999999999998
3,876,0.03375
3,877,0.08400000000000002
3,878,0.11249999999999999
3,879,0.10175000000000001
3,880,0.058499999999999996
3,881,0.08725
3,882,0.14775
3,883,0.17175
3,884,0.012749999999999984
3,885,0.07600000000000001
3,886,0.12624999999999997
3,887,0.05099999999999999
3,888,0.0655
3,889,0.11149999999999999
3,890,0.10449999999999998
3,891,0.047750000000000015
3,892,0.024500000000000022
3,893,0.08550000000000002
3,894,0.025749999999999995
3,895,0.26125
3,896,0.06574999999999998
3,897,0.10475000000000001
3,898,0.09100000000000003
3,899,0.057750000000000024
3,900,0.16025
3,901,0.97525
3,902,0.9305000000000001
3,903,0.04325000000000001
3,904,0.13624999999999998
3,905,0.04149999999999998
3,906,0.0605
3,907,0.06175000000000003
3,908,0.044999999999999984
3,909,0.025249999999999995
3,910,0.17325000000000002
3,911,0.2845
3,912,0.0037499999999999756
3,913,0.12674999999999997
3,914,0.047750000000000015
3,915,0.41000000000000003
3,916,0.012500000000000011
3,917,0.014249999999999985
3,918,0.02074999999999999
3,919,0.3315
3,920,0.40549999999999997
3,921,0.20525
3,922,0.13874999999999998
3,923,0.026500000000000024
3,924,0.01150000000000001
3,925,0.01824999999999999
3,926,0.30674999999999997
3,927,0.023249999999999993
3,928,0.036250000000000004
3,929,0.065
3,930,0.022749999999999992
3,931,0.28425
3,932,0.07374999999999998
3,933,0.20625
3,934,0.031000000000000028
3,935,0.004249999999999976
3,936,0.14475
3,937,0.16025
3,938,0.00874999999999998
3,939,0.01200000000000001
3,940,0.010000000000000009
3,941,0.10125
3,942,0.013000000000000012
3,943,0.06674999999999998
3,944,0.028249999999999997
3,945,0.04125000000000001
3,946,0.045499999999999985
3,947,0.016749999999999987
3,948,0.022749999999999992
3,949,0.018000000000000016
3,950,0.11225000000000002
3,951,0.16149999999999998
3,952,0.03075
3,953,0.04749999999999999
3,954,0.013000000000000012
3,955,0.03875000000000001
3,956,0.10599999999999998
3,957,0.024249999999999994
3,958,0.060750000000000026
3,959,0.06324999999999997
3,960,0.058250000000000024
3,961,0.07650000000000001
3,962,0.016749999999999987
3,963,0.10325000000000001
3,964,0.008000000000000007
3,965,0.011749999999999983
3,966,0.044499999999999984
3,967,0.25025
3,968,0.07774999999999999
3,969,0.01874999999999999
3,970,0.0037499999999999756
3,971,0.44175
3,972,0.33325000000000005
3,973,0.056999999999999995
3,974,0.030000000000000027
3,975,0.01150000000000001
3,976,0.0030000000000000027
3,977,0.07324999999999998
3,978,0.08324999999999999
3,979,0.14400000000000002
3,980,0.14900000000000002
3,981,0.07674999999999998
3,982,0.18025000000000002
3,983,0.029500000000000026
3,984,0.05475000000000002
3,985,0.02400000000000002
3,986,0.05049999999999999
3,987,0.04225000000000001
3,988,0.02200000000000002
3,989,0.04375000000000001
3,990,0.09775
3,991,0.07950000000000002
3,992,0.257
3,993,0.022749999999999992
3,994,0.045499999999999985
3,995,0.134
3,996,0.06824999999999998
3,997,0.1275
3,998,0.11149999999999999
3,999,0.261
3,1000,0.09325
3,1001,0.08200000000000002
3,1002,0.0030000000000000027
3,1003,0.25125
3,1004,0.10325000000000001
3,1005,0.022749999999999992
3,1006,0.01824999999999999
3,1007,0.07424999999999998
3,1008,0.16975
3,1009,0.0047499999999999765
3,1010,0.08925
3,1011,0.10749999999999998
3,1012,0.16099999999999998
3,1013,0.16599999999999998
3,1014,0.1955
3,1015,0.10349999999999998
3,1016,0.044499999999999984
3,1017,0.15500000000000003
3,1018,0.03325
3,1019,0.011249999999999982
3,1020,0.11775000000000002
3,1021,0.03649999999999998
3,1022,0.023749999999999993
3,1023,0.15699999999999997
3,1024,0.14650000000000002
3,1025,0.09350000000000003
3,1026,0.16849999999999998
3,1027,0.026500000000000024
3,1028,0.029500000000000026
3,1029,0.07
3,1030,0.012500000000000011
3,1031,0.0605
3,1032,0.08374999999999999
3,1033,0.05449999999999999
3,1034,0.09075
3,1035,0.253
3,1036,0.017500000000000016
3,1037,0.10999999999999999
3,1038,0.016749999999999987
3,1039,0.017249999999999988
3,1040,0.2415
3,1041,0.017249999999999988
3,1042,0.0625
3,1043,0.10525000000000001
3,1044,0.14350000000000002
3,1045,0.06225000000000003
3,1046,0.10549999999999998
3,1047,0.07500000000000001
3,1048,0.01874999999999999
3,1049,0.11925000000000002
3,1050,0.29925
3,1051,0.23075
3,1052,0.031000000000000028
3,1053,0.1285
3,1054,0.1875
3,1055,0.015249999999999986
3,1056,0.02975
3,1057,0.31074999999999997
3,1058,0.030500000000000027
3,1059,0.011749999999999983
3,1060,0.004249999999999976
3,1061,0.02400000000000002
3,1062,0.27125
3,1063,0.07374999999999998
3,1064,0.22125
3,1065,0.11225000000000002
3,1066,0.07450000000000001
3,1067,0.016500000000000015
3,1068,0.03325
3,1069,0.004500000000000004
3,1070,0.5105
3,1071,0.51475
3,1072,0.259
3,1073,0.14175
3,1074,0.025749999999999995
3,1075,0.016000000000000014
3,1076,0.009000000000000008
3,1077,0.008000000000000007
3,1078,0.013749999999999984
3,1079,0.00824999999999998
3,1080,0.0030000000000000027
3,1081,0.04849999999999999
3,1082,0.08524999999999999
3,1083,0.06524999999999997
3,1084,0.1345
3,1085,0.09825
3,1086,0.049750000000000016
3,1087,0.017749999999999988
3,1088,0.023749999999999993
3,1089,0.10175000000000001
3,1090,0.10725000000000001
3,1091,0.196
3,1092,0.09849999999999998
3,1093,0.04949999999999999
3,1094,0.02100000000000002
3,1095,0.0625
3,1096,0.034999999999999976
3,1097,0.03149999999999997
3,1098,0.07600000000000001
3,1099,0.020000000000000018
3,1100,0.047250000000000014
3,1101,0.14125
3,1102,0.42725
3,1103,0.035250000000000004
3,1104,0.2435
3,1105,0.061
3,1106,0.020000000000000018
3,1107,0.03799999999999998
3,1108,0.13024999999999998
3,1109,0.13324999999999998
3,1110,0.03949999999999998
3,1111,0.025000000000000022
3,1112,0.019500000000000017
3,1113,0.029500000000000026
3,1114,0.22325
3,1115,0.026500000000000024
3,1116,0.35075
3,1117,0.02150000000000002
3,1118,0.07324999999999998
3,1119,0.06274999999999997
3,1120,0.019500000000000017
3,1121,0.022249999999999992
3,1122,0.02300000000000002
3,1123,0.122
3,1124,0.03475
3,1125,0.017000000000000015
3,1126,0.018000000000000016
3,1127,0.09100000000000003
3,1128,0.017749999999999988
4,1,0.03425
4,2,0.03799999999999998
4,3,0.04049999999999998
4,4,0.031000000000000028
4,5,0.065
4,6,0.035750000000000004
4,7,0.029000000000000026
4,8,0.08650000000000002
4,9,0.03199999999999997
4,10,0.03149999999999997
4,11,0.028000000000000025
4,12,0.03475
4,13,0.07774999999999999
4,14,0.013249999999999984
4,15,0.003249999999999975
4,16,0.026500000000000024
4,17,0.01874999999999999
4,18,0.13374999999999998
4,19,0.14700000000000002
4,20,0.11025000000000001
4,21,0.507
4,22,0.46175
4,23,0.10999999999999999
4,24,0.017000000000000015
4,25,0.07450000000000001
4,26,0.060750000000000026
4,27,0.12524999999999997
4,28,0.61775
4,29,0.14875
4,30,0.1315
4,31,0.013500000000000012
4,32,0.04049999999999998
4,33,0.05249999999999999
4,34,0.037250000000000005
4,35,0.045499999999999985
4,36,0.10175000000000001
4,37,0.09649999999999997
4,38,0.012249999999999983
4,39,0.018000000000000016
4,40,0.006249999999999978
4,41,0.008500000000000008
4,42,0.025000000000000022
4,43,0.020500000000000018
4,44,0.017500000000000016
4,45,0.029500000000000026
4,46,0.07750000000000001
4,47,0.010249999999999981
4,48,0.03225
4,49,0.173
4,50,0.057999999999999996
4,51,0.139
4,52,0.09825
4,53,0.029500000000000026
4,54,0.046999999999999986
4,55,0.05325000000000002
4,56,0.044999999999999984
4,57,0.018500000000000016
4,58,0.04199999999999998
4,59,0.07300000000000001
4,60,0.009500000000000008
4,61,0.047750000000000015
4,62,0.1245
4,63,0.012249999999999983
4,64,0.04999999999999999
4,65,0.017749999999999988
4,66,0.01924999999999999
4,67,0.03925000000000001
4,68,0.020500000000000018
4,69,0.009000000000000008
4,70,0.04475000000000001
4,71,0.004500000000000004
4,72,0.024500000000000022
4,73,0.03925000000000001
4,74,0.006749999999999978
4,75,0.17275000000000001
4,76,0.037250000000000005
4,77,0.013000000000000012
4,78,0.066
4,79,0.05449999999999999
4,80,0.026249999999999996
4,81,0.05299999999999999
4,82,0.07300000000000001
4,83,0.05049999999999999
4,84,0.031000000000000028
4,85,0.0615
4,86,0.136
4,87,0.029249999999999998
4,88,0.010000000000000009
4,89,0.01974999999999999
4,90,0.047750000000000015
4,91,0.019500000000000017
4,92,0.020000000000000018
4,93,0.02100000000000002
4,94,0.08775
4,95,0.08174999999999999
4,96,0.10249999999999998
4,97,0.3295
4,98,0.09599999999999997
4,99,0.13374999999999998
4,100,0.30200000000000005
4,101,0.0645
4,102,0.022249999999999992
4,103,0.013249999999999984
4,104,0.004500000000000004
4,105,0.032999999999999974
4,106,0.0025000000000000022
4,107,0.536
4,108,0.03149999999999997
4,109,0.129
4,110,0.05525000000000002
4,111,0.016749999999999987
4,112,0.027749999999999997
4,113,0.366
4,114,0.013249999999999984
4,115,0.10399999999999998
4,116,0.017000000000000015
4,117,0.004500000000000004
4,118,0.15475
4,119,0.0030000000000000027
4,120,0.11299999999999999
4,121,0.14250000000000002
4,122,0.15625
4,123,0.013249999999999984
4,124,0.024249999999999994
4,125,0.027749999999999997
4,126,0.02100000000000002
4,127,0.034999999999999976
4,128,0.45225000000000004
4,129,0.09999999999999998
4,130,0.013249999999999984
4,131,0.009000000000000008
4,132,0.30825
4,133,0.04275000000000001
4,134,0.028500000000000025
4,135,0.04999999999999999
4,136,0.020000000000000018
4,137,0.027249999999999996
4,138,0.23199999999999998
4,139,0.031000000000000028
4,140,0.025749999999999995
4,141,0.10375000000000001
4,142,0.024249999999999994
4,143,0.0635
4,144,0.10475000000000001
4,145,0.05325000000000002
4,146,0.05525000000000002
4,147,0.014000000000000012
4,148,0.06524999999999997
4,149,0.09050000000000002
4,150,0.017500000000000016
4,151,0.03999999999999998
4,152,0.28200000000000003
4,153,0.21125
4,154,0.30225
4,155,0.14250000000000002
4,156,0.07074999999999998
4,157,0.034999999999999976
4,158,0.013500000000000012
4,159,0.01150000000000001
4,160,0.056999999999999995
4,161,0.010000000000000009
4,162,0.09749999999999998
4,163,0.007000000000000006
4,164,0.07624999999999998
4,165,0.017249999999999988
4,166,0.017249999999999988
4,167,0.10449999999999998
4,168,0.05475000000000002
4,169,0.26325
4,170,0.026000000000000023
4,171,0.035499999999999976
4,172,0.09925
4,173,0.05125000000000002
4,174,0.010249999999999981
4,175,0.10175000000000001
4,176,0.1185
4,177,0.05725000000000002
4,178,0.014000000000000012
4,179,0.43700000000000006
4,180,0.017749999999999988
4,181,0.02100000000000002
4,182,0.07650000000000001
4,183,0.063
4,184,0.010249999999999981
4,185,0.04999999999999999
4,186,0.14075
4,187,0.007500000000000007
4,188,0.4475
4,189,0.03225
4,190,0.03225
4,191,0.043999999999999984
4,192,0.1305
4,193,0.017500000000000016
4,194,0.05475000000000002
4,195,0.51625
4,196,0.533
4,197,0.033999999999999975
4,198,0.07974999999999999
4,199,0.013000000000000012
4,200,0.026749999999999996
4,201,0.899
4,202,0.01150000000000001
4,203,0.195
4,204,0.09649999999999997
4,205,0.006749999999999978
4,206,0.038250000000000006
4,207,0.006749999999999978
4,208,0.02300000000000002
4,209,0.009000000000000008
4,210,0.007500000000000007
4,211,0.017249999999999988
4,212,0.15150000000000002
4,213,0.010749999999999982
4,214,0.028000000000000025
4,215,0.11325000000000002
4,216,0.23375
4,217,0.012749999999999984
4,218,0.07024999999999998
4,219,0.0022499999999999742
4,220,0.192
4,221,0.037250000000000005
4,222,0.034999999999999976
4,223,0.019000000000000017
4,224,0.028000000000000025
4,225,0.006000000000000005
4,226,0.033499999999999974
4,227,0.026000000000000023
4,228,0.010249999999999981
4,229,0.05449999999999999
4,230,0.11075000000000002
4,231,0.06924999999999998
4,232,0.028749999999999998
4,233,0.020500000000000018
4,234,0.05325000000000002
4,235,0.08750000000000002
4,236,0.0645
4,237,0.007749999999999979
4,238,0.0615
4,239,0.026249999999999996
4,240,0.14500000000000002
4,241,0.03249999999999997
4,242,0.11425000000000002
4,243,0.09899999999999998
4,244,0.191
4,245,0.020500000000000018
4,246,0.018500000000000016
4,247,0.023749999999999993
4,248,0.03075
4,249,0.02400000000000002
4,250,0.01924999999999999
4,251,0.06524999999999997
4,252,0.05099999999999999
4,253,0.03249999999999997
4,254,0.01050000000000001
4,255,0.064
4,256,0.03425
4,257,0.06774999999999998
4,258,0.17925000000000002
4,259,0.10025
4,260,0.11375000000000002
4,261,0.028500000000000025
4,262,0.03075
4,263,0.017500000000000016
4,264,0.09699999999999998
4,265,0.056999999999999995
4,266,0.17099999999999999
4,267,0.03275
4,268,0.04049999999999998
4,269,0.09949999999999998
4,270,0.21075
4,271,0.09399999999999997
4,272,0.265
4,273,0.018000000000000016
4,274,0.03925000000000001
4,275,0.08950000000000002
4,276,0.1945
4,277,0.28200000000000003
4,278,0.22299999999999998
4,279,0.16249999999999998
4,280,0.018500000000000016
4,281,0.013749999999999984
4,282,0.04949999999999999
4,283,0.012500000000000011
4,284,0.016000000000000014
4,285,0.02975
4,286,0.07474999999999998
4,287,0.05125000000000002
4,288,0.07050000000000001
4,289,0.033999999999999975
4,290,0.012249999999999983
4,291,0.006000000000000005
4,292,0.26249999999999996
4,293,0.03149999999999997
4,294,0.07724999999999999
4,295,0.00824999999999998
4,296,0.014749999999999985
4,297,0.12325000000000003
4,298,0.049250000000000016
4,299,0.35124999999999995
4,300,0.03125
4,301,0.02400000000000002
4,302,0.34450000000000003
4,303,0.02350000000000002
4,304,0.067
4,305,0.058250000000000024
4,306,0.03849999999999998
4,307,0.028000000000000025
4,308,0.16499999999999998
4,309,0.055999999999999994
4,310,0.024500000000000022
4,311,0.16049999999999998
4,312,0.0675
4,313,0.82375
4,314,0.11525000000000002
4,315,0.037250000000000005
4,316,0.04225000000000001
4,317,0.012249999999999983
4,318,0.020500000000000018
4,319,0.07024999999999998
4,320,0.00824999999999998
4,321,0.00824999999999998
4,322,0.03975000000000001
4,323,0.265
4,324,0.16799999999999998
4,325,0.1915
4,326,0.08050000000000002
4,327,0.03975000000000001
4,328,0.57
4,329,0.06175000000000003
4,330,0.10025
4,331,0.05449999999999999
4,332,0.04849999999999999
4,333,0.04749999999999999
4,334,0.07324999999999998
4,335,0.20600000000000002
4,336,0.036250000000000004
4,337,0.04149999999999998
4,338,0.10625000000000001
4,339,0.04799999999999999
4,340,0.007249999999999979
4,341,0.05525000000000002
4,342,0.016749999999999987
4,343,0.05299999999999999
4,344,0.045499999999999985
4,345,0.03375
4,346,0.013249999999999984
4,347,0.005500000000000005
4,348,0.16799999999999998
4,349,0.04249999999999998
4,350,0.036250000000000004
4,351,0.1255
4,352,0.01150000000000001
4,353,0.03475
4,354,0.07450000000000001
4,355,0.16949999999999998
4,356,0.24475000000000002
4,357,0.03949999999999998
4,358,0.019500000000000017
4,359,0.03075
4,360,0.136
4,361,0.028249999999999997
4,362,0.09425
4,363,0.01824999999999999
4,364,0.11525000000000002
4,365,0.202
4,366,0.19124999999999998
4,367,0.07550000000000001
4,368,0.16899999999999998
4,369,0.03225
4,370,0.07074999999999998
4,371,0.05099999999999999
4,372,0.03375
4,373,0.012749999999999984
4,374,0.4235
4,375,0.044999999999999984
4,376,0.07924999999999999
4,377,0.1215
4,378,0.27449999999999997
4,379,0.09975
4,380,0.010749999999999982
4,381,0.09075
4,382,0.06674999999999998
4,383,0.03999999999999998
4,384,0.016249999999999987
4,385,0.02250000000000002
4,386,0.07100000000000001
4,387,0.47275
4,388,0.59
4,389,0.22025
4,390,0.035499999999999976
4,391,0.04025000000000001
4,392,0.004500000000000004
4,393,0.10149999999999998
4,394,0.03925000000000001
4,395,0.01824999999999999
4,396,0.32525000000000004
4,397,0.029249999999999998
4,398,0.018000000000000016
4,399,0.015000000000000013
4,400,0.007249999999999979
4,401,0.049750000000000016
4,402,0.036750000000000005
4,403,0.05075000000000002
4,404,0.019000000000000017
4,405,0.03025
4,406,0.1185
4,407,0.03749999999999998
4,408,0.026249999999999996
4,409,0.03125
4,410,0.04949999999999999
4,411,0.03325
4,412,0.536
4,413,0.010749999999999982
4,414,0.1775
4,415,0.21975
4,416,0.017249999999999988
4,417,0.16825
4,418,0.08150000000000002
4,419,0.034999999999999976
4,420,0.046499999999999986
4,421,0.010749999999999982
4,422,0.08524999999999999
4,423,0.0595
4,424,0.19574999999999998
4,425,0.47475
4,426,0.11399999999999999
4,427,0.04525000000000001
4,428,0.02074999999999999
4,429,0.03075
4,430,0.016749999999999987
4,431,0.009749999999999981
4,432,0.047750000000000015
4,433,0.034499999999999975
4,434,0.014500000000000013
4,435,0.037250000000000005
4,436,0.08500000000000002
4,437,0.028500000000000025
4,438,0.011249999999999982
4,439,0.79
4,440,0.0635
4,441,0.03975000000000001
4,442,0.032999999999999974
4,443,0.07750000000000001
4,444,0.013249999999999984
4,445,0.43925000000000003
4,446,0.11449999999999999
4,447,0.11649999999999999
4,448,0.1245
4,449,0.07700000000000001
4,450,0.17025
4,451,0.02975
4,452,0.30500000000000005
4,453,0.08374999999999999
4,454,0.09999999999999998
4,455,0.06824999999999998
4,456,0.00824999999999998
4,457,0.032999999999999974
4,458,0.09150000000000003
4,459,0.05225000000000002
4,460,0.04525000000000001
4,461,0.04999999999999999
4,462,0.01924999999999999
4,463,0.033499999999999974
4,464,0.41500000000000004
4,465,0.22049999999999997
4,466,0.03925000000000001
4,467,0.04575000000000001
4,468,0.383
4,469,0.201
4,470,0.031000000000000028
4,471,0.059250000000000025
4,472,0.21025
4,473,0.038250000000000006
4,474,0.15899999999999997
4,475,0.08100000000000002
4,476,0.010749999999999982
4,477,0.01874999999999999
4,478,0.14
4,479,0.07274999999999998
4,480,0.012749999999999984
4,481,0.138
4,482,0.04325000000000001
4,483,0.02400000000000002
4,484,0.11399999999999999
4,485,0.10925000000000001
4,486,0.014749999999999985
4,487,0.017000000000000015
4,488,0.016000000000000014
4,489,0.0020000000000000018
4,490,0.39149999999999996
4,491,0.05249999999999999
4,492,0.006500000000000006
4,493,0.15525
4,494,0.01924999999999999
4,495,0.048250000000000015
4,496,0.04175000000000001
4,497,0.31000000000000005
4,498,0.025500000000000023
4,499,0.012749999999999984
4,500,0.08050000000000002
4,501,0.017500000000000016
4,502,0.07450000000000001
4,503,0.07900000000000001
4,504,0.134
4,505,0.09250000000000003
4,506,0.015000000000000013
4,507,0.14
4,508,0.063
4,509,0.013000000000000012
4,510,0.04275000000000001
4,511,0.01974999999999999
4,512,0.09300000000000003
4,513,0.028249999999999997
4,514,0.01200000000000001
4,515,0.006000000000000005
4,516,0.06674999999999998
4,517,0.08950000000000002
4,518,0.03425
4,519,0.20625
4,520,0.014500000000000013
4,521,0.2355
4,522,0.037250000000000005
4,523,0.03149999999999997
4,524,0.22175
4,525,0.01974999999999999
4,526,0.09925
4,527,0.06125000000000003
4,528,0.03899999999999998
4,529,0.14400000000000002
4,530,0.08825
4,531,0.14425
4,532,0.2005
4,533,0.05675000000000002
4,534,0.007249999999999979
4,535,0.0469999999999999